Pathway,logFC,p.value,q.value
Wnt-activated receptor activity,0.28014137042808,3.66069257139313e-09,1.09909106248324e-07
platelet-derived growth factor receptor-beta signaling pathway,0.344755131789711,2.11012830365188e-08,3.16773822713292e-07
canonical Wnt signaling pathway involved in positive regulation of cardiac outflow tract cell proliferation,0.322934567624441,5.72018747840099e-07,5.5838832597312e-06
mTOR signaling pathway,0.160560086439593,7.43919431834562e-07,5.5838832597312e-06
platelet-derived growth factor receptor signaling pathway,0.182440171972116,4.07557918325673e-06,2.44731430864489e-05
positive regulation of metanephric mesenchymal cell migration by platelet-derived growth factor receptor-beta signaling pathway,0.617049966772703,5.0280054305971e-06,2.51602473353077e-05
smoothened binding,-0.474925545599084,1.2113378326184e-05,5.19562334766471e-05
positive regulation of cell proliferation by VEGF-activated platelet derived growth factor receptor signaling pathway,0.776153294053016,3.62641849554004e-05,0.000136100071213954
Wnt signaling pathway,0.147270348539711,6.42710683344904e-05,0.000214409205680884
negative regulation of platelet-derived growth factor receptor-alpha signaling pathway,-0.419889456870214,9.63539587612861e-05,0.000289294369423396
canonical Wnt signaling pathway involved in positive regulation of apoptotic process,0.291531754005732,0.000144632968168024,0.000394770809456673
"regulation of Wnt signaling pathway, planar cell polarity pathway",0.533241701787758,0.00015843558640714,0.000396407541294638
"Wnt signaling, the planar cell polarity pathway",0.16440504545221,0.000219544083724766,0.000507047685096992
axoneme,-0.169327718558135,0.000439459543230436,0.000942456431921502
positive regulation of platelet-derived growth factor receptor-beta signaling pathway,0.373378270872599,0.000539432043416766,0.00107973181972832
"Wnt signaling pathway, planar cell polarity pathway",-0.246316713372766,0.000968994071259832,0.00181832519146033
non-motile cilium assembly,-0.136018912001745,0.00136037173353931,0.00240258685356921
ciliary tip,-0.159691575660782,0.00236577657966786,0.00394613229879062
canonical Wnt signaling pathway involved in osteoblast differentiation,0.271068195399314,0.00301294036260762,0.00476110054350039
BBSome,-0.173149503316828,0.00370810603082083,0.00556663270369134
receptor internalization involved in canonical Wnt signaling pathway,-1.68333981964806,0.00421253860307957,0.00602275251096804
canonical Wnt signaling pathway involved in negative regulation of apoptotic process,0.162844274827711,0.00449542689193847,0.00613505805578909
non-canonical Wnt signaling pathway via JNK cascade,0.204527572790789,0.0067550842441098,0.00881806614010648
canonical Wnt signaling pathway involved in mesenchymal stem cell differentiation,0.307398501770314,0.0072792510579303,0.00910638222061233
Wnt signaling pathway involved in dorsal/ventral axis specification,0.116970539383793,0.00881104265671214,0.0105817552785816
ciliary basal body organization,-0.262269336838956,0.00952939878086356,0.0110043038059283
canonical Wnt signaling pathway,0.110214326174588,0.0112166692554818,0.0118596404697667
Hedgehog signaling pathway,0.0957605521049994,0.0112613952129431,0.0118596404697667
negative regulation of smoothened signaling pathway involved in ventral spinal cord patterning,-0.227790201034843,0.0114551057525698,0.0118596404697667
planar cell polarity pathway involved in axon guidance,0.178855817893073,0.0135617057659891,0.0135726134774852
photoreceptor outer segment,-0.119185799392618,0.0140785329898767,0.0136353448903657
adenosine monophosphate-activated protein kinase (AMPK) signaling pathway,0.0841525386832035,0.0146222207676108,0.0137193576129279
intraciliary transport particle B,-0.133145638831455,0.0164219666108443,0.014833889088308
patched binding,-0.346034960121045,0.0167982301111931,0.014833889088308
"altered Wnt signaling, canonical pathway",-0.161389459378555,0.0178747543285811,0.0151295052484644
canonical Wnt signaling pathway involved in metanephric kidney development,0.204896318238995,0.018140815597971,0.0151295052484644
"positive regulation of Wnt signaling pathway, planar cell polarity pathway",0.113538588826572,0.0209802789447945,0.0170247189988833
positive regulation of non-canonical Wnt signaling pathway,-0.350593222412633,0.0215639179022396,0.0170378382722939
axonemal microtubule,-0.210457389345679,0.0255905848012066,0.0197008979754564
non-canonical Wnt signaling pathway,0.163282517920924,0.0270502154490148,0.0203039790001704
intraciliary anterograde transport,-0.173303229149813,0.0303857179192151,0.0221145669858901
intraciliary transport,-0.102169086147335,0.0309355122757578,0.0221145669858901
photoreceptor connecting cilium,-0.114169628712205,0.0433815027898499,0.0302905078838106
"Wnt signaling, canonical pathway",-0.102575494541259,0.0503024988359142,0.0343247435814179
regulation of Wnt signaling pathway,-0.191033144583448,0.0528419909009632,0.0352563278914472
regulation of smoothened signaling pathway,0.108210263033284,0.062191806455461,0.0405924961761323
hedgehog receptor activity,-0.23518966158684,0.0702845514619319,0.0445247944216322
protein localization to ciliary transition zone,0.0989612921889722,0.0711824188895076,0.0445247944216322
intraciliary transport particle A,-0.09827630415826,0.0756529458757524,0.0463553839078232
regulation of canonical Wnt signaling pathway,-0.0624577991949243,0.0806610137262387,0.0484355337403319
negative regulation of canonical Wnt signaling pathway,-0.0812608710916608,0.125037308706803,0.0733581304649737
basal cell carcinoma pathway,0.0693967742071043,0.127051904663474,0.0733581304649737
altered Hedgehog signaling pathway,-0.184590410461239,0.129542395920257,0.0733848606626315
ciliary pocket membrane,0.0910672963292805,0.149929172308308,0.0833609781613195
negative regulation of platelet-derived growth factor receptor-beta signaling pathway,-0.143152704591044,0.172222126779694,0.0940148975110375
negative regulation of platelet-derived growth factor receptor signaling pathway,-0.0589265130059782,0.177395632589378,0.0951098101657197
"Wnt signaling, non-canonical pathway",0.0534425617341403,0.201746956426675,0.106053109077957
intraciliary retrograde transport,-0.0557551645245011,0.20487123247518,0.106053109077957
smoothened signaling pathway,-0.042849956616429,0.218727945869313,0.111307052168644
positive regulation of Wnt signaling pathway,0.0784200875851136,0.22534515578833,0.112763200710675
negative regulation of smoothened signaling pathway involved in dorsal/ventral neural tube patterning,0.0528469629164145,0.243998521207432,0.120095788419173
ciliary basal body,-0.045181061993656,0.253185782910334,0.122607784269926
positive regulation of platelet-derived growth factor receptor signaling pathway,0.166221833756106,0.259462735790345,0.123653058224918
smoothened signaling pathway involved in dorsal/ventral neural tube patterning,-0.0754395231940885,0.283152209028249,0.132834351097812
intraciliary transport involved in cilium assembly,-0.059954821732133,0.316058947364897,0.145990686605311
positive regulation of canonical Wnt signaling pathway,-0.0434667108173171,0.333476768026974,0.151702265530574
smoothened signaling pathway involved in regulation of cerebellar granule cell precursor cell proliferation,-0.227806841549555,0.351154221091856,0.155067029107306
planar cell polarity pathway involved in neural tube closure,0.0632001605742347,0.351202792753349,0.155067029107306
protein localization to ciliary membrane,-0.0818505971291906,0.363791588324753,0.155813355518524
ciliary receptor clustering involved in smoothened signaling pathway,-0.0679532911642805,0.365668494737575,0.155813355518524
planar cell polarity pathway involved in gastrula mediolateral intercalation,-0.160997463394225,0.36846191994781,0.155813355518524
kinociliary basal body,0.0831853097748915,0.391061444082674,0.16307332321328
TORC1 complex,-0.0391616304242424,0.420563590643191,0.172935677195753
positive regulation of smoothened signaling pathway,-0.0633716074629961,0.426231851146774,0.172935677195753
TORC2 complex,0.0476029922126262,0.453789542873946,0.18166181074357
negative regulation of non-canonical Wnt signaling pathway,0.0375020930609143,0.462408609811895,0.182676523473341
"Wnt signaling pathway, calcium modulating pathway",-0.0617164088500589,0.51836280508689,0.198515583787052
canonical Wnt signaling pathway involved in positive regulation of epithelial to mesenchymal transition,-0.0355417081606408,0.533510949633482,0.198515583787052
smoothened signaling pathway involved in spinal cord motor neuron cell fate specification,0.0672762136289732,0.545521131398798,0.198515583787052
smoothened signaling pathway involved in ventral spinal cord interneuron specification,0.0672762136289732,0.545521131398798,0.198515583787052
axonemal basal plate,-0.0599874401584212,0.546030935005195,0.198515583787052
positive regulation of hh target transcription factor activity,-0.175661253058469,0.546858952618188,0.198515583787052
receptor localization to non-motile cilium,-0.0959292322825421,0.549823241909284,0.198515583787052
planar cell polarity pathway involved in axis elongation,-0.0718941448955861,0.555396927562891,0.198515583787052
negative regulation of non-motile cilium assembly,0.0325214706027153,0.752449682850359,0.26578407525201
positive regulation of non-motile cilium assembly,-0.0106164284494017,0.784360061813239,0.27383404340777
ciliary membrane,-0.0144560354866365,0.810120088758536,0.279576438010517
intraciliary transport particle,0.0102206257624771,0.887574643203702,0.302825632347951
negative regulation of Wnt signaling pathway,-0.00612056574268499,0.918356776061434,0.309807442433524
negative regulation of smoothened signaling pathway,0.00233737355101348,0.963579891500562,0.321451633682955
photoreceptor outer segment membrane,0.00086435218789751,0.986947837282769,0.325629112656338
