Pathway,Description,logFC,p.value,q.value
path:rno05230,Central carbon metabolism in cancer,0.567325100744886,0,0
path:rno01230,Biosynthesis of amino acids,0.483786307080806,1.90705923339022e-14,2.96547710792179e-12
path:rno00052,Galactose metabolism,0.516983910226843,1.17985054146063e-12,1.22311172798085e-10
path:rno00010,Glycolysis / Gluconeogenesis,0.714143869889948,1.82771676658059e-12,1.42104978601641e-10
path:rno04066,HIF-1 signaling pathway,0.431089510844634,2.31693333104927e-12,1.44113253191264e-10
path:rno04910,Insulin signaling pathway,0.191004352537284,2.2544192224573e-09,1.16854063030703e-07
path:rno00051,Fructose and mannose metabolism,0.406691928440386,2.85543644012691e-09,1.26862961839924e-07
path:rno00030,Pentose phosphate pathway,0.588224838841084,4.36225661174397e-09,1.69582725781547e-07
path:rno05204,Chemical carcinogenesis,-0.506735103256118,3.21451048002075e-08,1.11079195476273e-06
path:rno00980,Metabolism of xenobiotics by cytochrome P450,-0.491182657730584,4.5995995456849e-08,1.30055084806619e-06
path:rno00340,Histidine metabolism,-0.32006978212738,4.60001907676144e-08,1.30055084806619e-06
path:rno05216,Thyroid cancer,0.16426972982603,5.1068501146703e-08,1.32352532138539e-06
path:rno04930,Type II diabetes mellitus,0.293479479954743,6.36820006261639e-08,1.52346939959515e-06
path:rno00130,Ubiquinone and other terpenoid-quinone biosynthesis,-0.394677347759949,6.9632889010407e-08,1.54381002479797e-06
path:rno04922,Glucagon signaling pathway,0.213076050818577,7.44602905851111e-08,1.54381002479797e-06
path:rno04137,Mitophagy - animal,0.237537068452691,1.10106261631196e-07,2.05465928337135e-06
path:rno05211,Renal cell carcinoma,0.199601154768939,1.12312565328981e-07,2.05465928337135e-06
path:rno04931,Insulin resistance,0.202087961107512,1.21356355315116e-07,2.09676813905562e-06
path:rno04141,Protein processing in endoplasmic reticulum,0.188970447533473,1.5162815925192e-07,2.4819135540709e-06
path:rno04722,Neurotrophin signaling pathway,0.157388406552683,1.90198672502811e-07,2.95758935741871e-06
path:rno04140,Autophagy - animal,0.145200370693981,2.45149054019721e-07,3.6305407523873e-06
path:rno00471,D-Glutamine and D-glutamate metabolism,0.481730156245493,3.05030211517058e-07,4.31201799008205e-06
path:rno00982,Drug metabolism - cytochrome P450,-0.67043284729194,3.47237596010075e-07,4.69525618952754e-06
path:rno00500,Starch and sucrose metabolism,0.566206732898698,4.70887101704661e-07,6.10191202625623e-06
path:rno04216,Ferroptosis,0.233270713228839,5.3487310821285e-07,6.40553093169114e-06
path:rno01200,Carbon metabolism,0.312205216002839,5.35510624514371e-07,6.40553093169114e-06
path:rno04520,Adherens junction,0.171164125686733,1.56274339619794e-06,1.80004887487985e-05
path:rno00830,Retinol metabolism,-0.406878682708752,2.84094253255596e-06,3.15547545580322e-05
path:rno04710,Circadian rhythm,0.244993258493656,3.69090854248714e-06,3.95818123004655e-05
path:rno04390,Hippo signaling pathway,0.151776610195866,6.91875281987367e-06,7.17244042326904e-05
path:rno04068,FoxO signaling pathway,0.136782918908862,1.56972104999974e-05,0.000157478466629006
path:rno04080,Neuroactive ligand-receptor interaction,-0.251415338290848,1.67393988774744e-05,0.000162686032840455
path:rno00120,Primary bile acid biosynthesis,-0.631304256988799,1.82412701037471e-05,0.000171910151583798
path:rno04152,AMPK signaling pathway,0.136075085272685,2.46375031290323e-05,0.000225360690386148
path:rno00620,Pyruvate metabolism,0.306534951065673,2.74656720376092e-05,0.000238421113752893
path:rno04150,mTOR signaling pathway,0.132128660013978,2.75985855148044e-05,0.000238421113752893
path:rno00061,Fatty acid biosynthesis,0.56981541601332,4.52750109301522e-05,0.00038055482160209
path:rno04742,Taste transduction,-0.498685100902548,4.66542274604187e-05,0.00038182801947869
path:rno04060,Cytokine-cytokine receptor interaction,-0.20016550934455,7.52653754194643e-05,0.000600193121934703
path:rno04810,Regulation of actin cytoskeleton,0.11774293104183,8.50692118161193e-05,0.000661413121870327
path:rno04211,Longevity regulating pathway,0.112819789094875,8.77982912624705e-05,0.000661743366738062
path:rno00562,Inositol phosphate metabolism,0.119619904618368,8.93672713922785e-05,0.000661743366738062
path:rno03018,RNA degradation,0.148240467408029,9.60748573385363e-05,0.000694866991448483
path:rno05213,Endometrial cancer,0.0929536615905638,0.000131081182489855,0.000926505630780569
path:rno00760,Nicotinate and nicotinamide metabolism,-0.231252441745942,0.000142146212148253,0.000982388266180149
path:rno04550,Signaling pathways regulating pluripotency of stem cells,0.135426396067982,0.000195180182301387,0.00131958775425503
path:rno00330,Arginine and proline metabolism,0.145330722048963,0.00025785412661844,0.00170622624209223
path:rno04350,TGF-beta signaling pathway,0.178268111200055,0.000289529390843538,0.00187590917817375
path:rno04530,Tight junction,0.130569948293026,0.000341045293778,0.00216459359928486
path:rno00232,Caffeine metabolism,-1.02236192159264,0.00038704891311081,0.00237762751014732
path:rno00072,Synthesis and degradation of ketone bodies,0.437160812805688,0.000392481448106942,0.00237762751014732
path:rno00100,Steroid biosynthesis,0.771564725102838,0.00039754543578026,0.00237762751014732
path:rno00520,Amino sugar and nucleotide sugar metabolism,0.148756866882981,0.000416405744172608,0.00244343747995625
path:rno04392,Hippo signaling pathway -multiple species,0.178682172386591,0.000521071206927658,0.00300098417323151
path:rno00900,Terpenoid backbone biosynthesis,0.477524390881434,0.000603082402265651,0.00341015685644759
path:rno04012,ErbB signaling pathway,0.119250948059206,0.000670272397910673,0.00372240563839678
path:rno05220,Chronic myeloid leukemia,0.108601422153078,0.00103932808466754,0.00567071990055447
path:rno04213,Longevity regulating pathway - multiple species,0.0858873927549014,0.00111066807922804,0.0059477515048154
path:rno03460,Fanconi anemia pathway,-0.242329183696652,0.00114545212232331,0.0059477515048154
path:rno00240,Pyrimidine metabolism,-0.147372102042738,0.00114747617456246,0.0059477515048154
path:rno00983,Drug metabolism - other enzymes,-0.352621570238554,0.00124712603557997,0.006325722715772
path:rno05219,Bladder cancer,0.159784721527199,0.00126107655426966,0.006325722715772
path:rno04919,Thyroid hormone signaling pathway,0.116870936163184,0.00142383935526446,0.00702879427757537
path:rno00910,Nitrogen metabolism,0.445945974007327,0.00157603677032499,0.00765855368079798
path:rno04020,Calcium signaling pathway,-0.166589360551361,0.00168094286406584,0.00804266508806885
path:rno04510,Focal adhesion,0.127615255597693,0.00198350051764111,0.00925752458867796
path:rno00140,Steroid hormone biosynthesis,-0.331772452996326,0.00199438632617821,0.00925752458867796
path:rno05212,Pancreatic cancer,0.0939266409066662,0.00250201645244627,0.0114430458339822
path:rno00430,Taurine and hypotaurine metabolism,-0.437571736229846,0.00282984855231638,0.0127548246343536
path:rno04620,Toll-like receptor signaling pathway,-0.128501115491053,0.00308364585709797,0.0137001980222496
path:rno00630,Glyoxylate and dicarboxylate metabolism,-0.115511914759346,0.0033122925117397,0.0144378326386849
path:rno00440,Phosphonate and phosphinate metabolism,0.248582114250712,0.00334252073950261,0.0144378326386849
path:rno05221,Acute myeloid leukemia,0.0832228743195621,0.00356803959875618,0.0152008262357969
path:rno04146,Peroxisome,-0.164754510385127,0.00386548444537538,0.0162454819258344
path:rno05206,MicroRNAs in cancer,0.130462491034688,0.00427213904366341,0.0177151365677243
path:rno04610,Complement and coagulation cascades,-0.1877924022002,0.00478899754733297,0.0193546137421648
path:rno05205,Proteoglycans in cancer,0.105945169774846,0.00479197832201508,0.0193546137421648
path:rno04744,Phototransduction,-0.420743537635025,0.0049016109857345,0.0195436027764542
path:rno04071,Sphingolipid signaling pathway,0.0791854853172021,0.00546875502694457,0.0215288963718957
path:rno00785,Lipoic acid metabolism,-0.462321933670872,0.00626340187318575,0.0243489747820096
path:rno04920,Adipocytokine signaling pathway,0.0925662174474638,0.00635684149564822,0.0244071321623037
path:rno04623,Cytosolic DNA-sensing pathway,-0.158773636203449,0.00652467702114423,0.024746031141169
path:rno05200,Pathways in cancer,0.0694425653608236,0.00757355106328188,0.028378004586514
path:rno03022,Basal transcription factors,-0.12460008070525,0.00781811849536385,0.0289456530006923
path:rno03410,Base excision repair,-0.169144222485369,0.00817670652040592,0.0299171262099558
path:rno04010,MAPK signaling pathway,0.0907630892188287,0.00913337942779443,0.0329343702032962
path:rno00590,Arachidonic acid metabolism,-0.208541500174486,0.00921315179320503,0.0329343702032962
path:rno03010,Ribosome,0.233702873775311,0.00979851072750608,0.034628827684709
path:rno05215,Prostate cancer,0.0801122197022812,0.00996318681049846,0.0348151808771351
path:rno01521,EGFR tyrosine kinase inhibitor resistance,0.0897480738161509,0.0102411660329861,0.0353889181806521
path:rno05032,Morphine addiction,-0.113907310844653,0.0111989899059701,0.0380241605123533
path:rno00350,Tyrosine metabolism,-0.172864851982159,0.0112483047174807,0.0380241605123533
path:rno05143,African trypanosomiasis,-0.228701685466162,0.0115769172688083,0.038714207210746
path:rno00300,Lysine biosynthesis,-0.375497854546645,0.0122186763133108,0.0404256205685068
path:rno04924,Renin secretion,-0.14284875031543,0.0127096070291288,0.0416072398532533
path:rno05150,Staphylococcus aureus infection,-0.208920026149195,0.0129480820882502,0.0419463909317271
path:rno04740,Olfactory transduction,-0.18124017139371,0.014420373647972,0.0462343938610236
path:rno05014,Amyotrophic lateral sclerosis (ALS),0.105265533145049,0.0150111490009476,0.0476374218295377
path:rno03440,Homologous recombination,-0.185913690573286,0.0152437108091368,0.0478868087034499
path:rno00592,alpha-Linolenic acid metabolism,-0.318406693525946,0.0154439164199776,0.0480305800661302
path:rno00410,beta-Alanine metabolism,-0.34953562909799,0.017542737007449,0.0540177347457094
path:rno00480,Glutathione metabolism,-0.162072226586439,0.0187102491358286,0.0570479164827716
path:rno02010,ABC transporters,-0.236130964915325,0.0191640424607267,0.0578642447115145
path:rno04670,Leukocyte transendothelial migration,0.10257695372928,0.0199056940987231,0.0593989946127464
path:rno03420,Nucleotide excision repair,-0.123883874229245,0.0200543229399948,0.0593989946127464
path:rno00565,Ether lipid metabolism,-0.193642751656826,0.0219320723526486,0.0643478726572992
path:rno04966,Collecting duct acid secretion,-0.2406216781932,0.0227443505479783,0.0661074114058061
path:rno04972,Pancreatic secretion,-0.142342677273145,0.0236943392228461,0.0682309212806032
path:rno04713,Circadian entrainment,-0.127318074194013,0.0259367583496197,0.0739167896729306
path:rno00860,Porphyrin and chlorophyll metabolism,-0.0924351330039995,0.0261442021351201,0.0739167896729306
path:rno00380,Tryptophan metabolism,-0.356710636221595,0.0270037630013422,0.0756591918325895
path:rno05030,Cocaine addiction,0.12902057187926,0.0281421821795443,0.0781448094449847
path:rno04915,Estrogen signaling pathway,0.0835265470091275,0.0334685307309952,0.0921125049322079
path:rno04933,AGE-RAGE signaling pathway in diabetic complications,0.0736850987527581,0.0342768279889129,0.0935095921451921
path:rno05222,Small cell lung cancer,0.107606109378805,0.0361021564625347,0.0965951456121926
path:rno04918,Thyroid hormone synthesis,0.117071570834668,0.0363649477907383,0.0965951456121926
path:rno05410,Hypertrophic cardiomyopathy (HCM),0.101810081284599,0.0364968377974403,0.0965951456121926
path:rno03430,Mismatch repair,-0.162870772355348,0.036822449418267,0.0965951456121926
path:rno04130,SNARE interactions in vesicular transport,-0.11568441632918,0.0370942401848799,0.0965951456121926
path:rno00511,Other glycan degradation,-0.13270295733402,0.0372714388214248,0.0965951456121926
path:rno00515,Mannose type O-glycan biosynthesis,0.0974347700904581,0.0404481341460505,0.103961733218361
path:rno04320,Dorso-ventral axis formation,0.139768613983638,0.0409473115915858,0.104382081188387
path:rno05133,Pertussis,-0.096038464376906,0.0427559583103192,0.108106528735848
path:rno04962,Vasopressin-regulated water reabsorption,0.0794495954074755,0.0432295423427072,0.108422481198241
path:rno00400,"Phenylalanine, tyrosine and tryptophan biosynthesis",-0.251965148569371,0.0446600299778983,0.111114154585011
path:rno00510,N-Glycan biosynthesis,0.0928425492359462,0.0452352161292363,0.111652001715814
path:rno05132,Salmonella infection,0.0712315093188863,0.0494439335592953,0.12107923887355
path:rno00040,Pentose and glucuronate interconversions,-0.146247393789955,0.0500051763314409,0.121496951867798
path:rno04360,Axon guidance,0.0580162089131425,0.0508973298619916,0.122705965791313
path:rno04977,Vitamin digestion and absorption,0.168003771006351,0.0528828734816638,0.126512105021519
path:rno04540,Gap junction,0.0938651281332043,0.0593816322878539,0.139027389159909
path:rno05231,Choline metabolism in cancer,0.0752340727217127,0.0594491144504267,0.139027389159909
path:rno04974,Protein digestion and absorption,-0.166022027075777,0.0594554429526299,0.139027389159909
path:rno03060,Protein export,0.109100873601081,0.0606645524048587,0.140796088044112
path:rno05217,Basal cell carcinoma,0.0815982389846479,0.0627614421478098,0.144583766725695
path:rno00071,Fatty acid degradation,-0.169326164800371,0.0650769462480543,0.148815663846654
path:rno04964,Proximal tubule bicarbonate reclamation,0.190836714601849,0.0660820739580598,0.150011131393844
path:rno01522,Endocrine resistance,0.0512948498295704,0.0672836366380148,0.1516319637277
path:rno00601,Glycosphingolipid biosynthesis - lacto and neolacto series,-0.144750443571763,0.0718260208840746,0.160704262553577
path:rno00591,Linoleic acid metabolism,-0.221363713136401,0.0724778557305847,0.161004379515799
path:rno04145,Phagosome,0.0773057676619142,0.0731108712987775,0.161258730311488
path:rno05144,Malaria,-0.127981614254685,0.07445063586293,0.163057378544868
path:rno04621,NOD-like receptor signaling pathway,-0.0684151973760883,0.075606077709254,0.164430001171874
path:rno04970,Salivary secretion,-0.111801413757114,0.0774808648401828,0.167337145592339
path:rno04932,Non-alcoholic fatty liver disease (NAFLD),0.0947905763119719,0.0782951486498143,0.167929594690291
path:rno05210,Colorectal cancer,0.0565557776599865,0.0798109132524968,0.170008178229634
path:rno00230,Purine metabolism,-0.0694055813335882,0.0816187326799058,0.171680934406505
path:rno04657,IL-17 signaling pathway,-0.0923932630670492,0.0817002517432885,0.171680934406505
path:rno05100,Bacterial invasion of epithelial cells,0.100279884420213,0.0838563880835906,0.175029105328837
path:rno05033,Nicotine addiction,-0.137061398686422,0.0854924416004765,0.177254328918321
path:rno04070,Phosphatidylinositol signaling system,0.0571317256099831,0.0880511148172893,0.181350309325675
path:rno04370,VEGF signaling pathway,0.0698875894044487,0.0965879090650995,0.197623945521355
path:rno04151,PI3K-Akt signaling pathway,0.0489520905211189,0.0983751739154132,0.199965222795382
path:rno04723,Retrograde endocannabinoid signaling,-0.0650617990122784,0.102531540767029,0.207060449211337
path:rno05223,Non-small cell lung cancer,0.0455370718056556,0.105382285999097,0.211444457714318
path:rno04015,Rap1 signaling pathway,0.0460074149742881,0.110900369807661,0.220180243086118
path:rno04725,Cholinergic synapse,0.0729731424214515,0.111152084130291,0.220180243086118
path:rno05330,Allograft rejection,0.121838223483386,0.116082927524484,0.22849234468427
path:rno04210,Apoptosis,0.0561705126156937,0.118675295638251,0.230702236823154
path:rno04215,Apoptosis - multiple species,-0.0905741917961517,0.118689253671076,0.230702236823154
path:rno04310,Wnt signaling pathway,0.0590534894645503,0.122474179432913,0.236580557786558
path:rno04961,Endocrine and other factor-regulated calcium reabsorption,0.0884491539605037,0.123337906615791,0.236778326898215
path:rno04062,Chemokine signaling pathway,-0.0674365820626565,0.124507820783543,0.237557866648355
path:rno05224,Breast cancer,0.0552450423636351,0.127796955600026,0.242346665802488
path:rno04144,Endocytosis,0.0892132574201165,0.132668221180529,0.250059495679664
path:rno03320,PPAR signaling pathway,-0.0646200681128326,0.136842071938676,0.256372797427279
path:rno05322,Systemic lupus erythematosus,-0.179578718450683,0.137952454996553,0.256905470083401
path:rno04064,NF-kappa B signaling pathway,-0.0498910257192476,0.142500775374796,0.263796078223581
path:rno05168,Herpes simplex infection,-0.0434265895018258,0.144370085475937,0.265675127710156
path:rno00290,"Valine, leucine and isoleucine biosynthesis",0.233382176455571,0.147836550776404,0.268888475498773
path:rno03030,DNA replication,-0.147293979650487,0.147845431865885,0.268888475498773
path:rno04750,Inflammatory mediator regulation of TRP channels,-0.0635828807305341,0.149869160461696,0.270984354090625
path:rno04622,RIG-I-like receptor signaling pathway,-0.0599766351125039,0.153934678386779,0.276726502764672
path:rno00360,Phenylalanine metabolism,-0.110577459894017,0.158261912025538,0.282870428965185
path:rno00670,One carbon pool by folate,0.0781666610839514,0.166919319210474,0.295603532432179
path:rno00220,Arginine biosynthesis,0.0857316097404991,0.167286886521104,0.295603532432179
path:rno05320,Autoimmune thyroid disease,0.108577215415342,0.171394322193116,0.301150475717848
path:rno05020,Prion diseases,0.0550360807562671,0.173691782140298,0.303472720481083
path:rno04940,Type I diabetes mellitus,0.0924879085479931,0.182519808340682,0.317115421195263
path:rno04916,Melanogenesis,0.0583904480045692,0.191477709921702,0.330830932142496
path:rno00563,Glycosylphosphatidylinositol (GPI)-anchor biosynthesis,-0.12281216836627,0.197583587531174,0.33949445150384
path:rno04971,Gastric acid secretion,-0.0697730462850653,0.201830110758722,0.34488551893386
path:rno05166,HTLV-I infection,0.0475947573641716,0.210880394230088,0.358381435003046
path:rno05164,Influenza A,-0.052861299008333,0.213098203176262,0.360182289064225
path:rno00740,Riboflavin metabolism,-0.134816079577668,0.22441398458414,0.377258103814418
path:rno05332,Graft-versus-host disease,0.0975775004192763,0.233771746667597,0.389373286406013
path:rno04640,Hematopoietic cell lineage,-0.105177719302261,0.23412477349815,0.389373286406013
path:rno04917,Prolactin signaling pathway,0.045403629101628,0.23772484683955,0.393257592378192
path:rno04913,Ovarian steroidogenesis,-0.0934745359828633,0.242356858123356,0.395385801169988
path:rno04672,Intestinal immune network for IgA production,-0.134151543145065,0.242950384005938,0.395385801169988
path:rno04120,Ubiquitin mediated proteolysis,0.0402515043127816,0.243142923341353,0.395385801169988
path:rno04721,Synaptic vesicle cycle,0.0491289382465643,0.244096700400764,0.395385801169988
path:rno05142,Chagas disease (American trypanosomiasis),0.0431153125222035,0.264064290219281,0.425512923617597
path:rno01523,Antifolate resistance,-0.0511036773635313,0.271254145993146,0.434845563937466
path:rno04950,Maturity onset diabetes of the young,0.230335701188297,0.273262184079583,0.435818149993591
path:rno04114,Oocyte meiosis,-0.0514125472502414,0.275652778492702,0.437387827098114
path:rno05412,Arrhythmogenic right ventricular cardiomyopathy (ARVC),0.0527480406345334,0.278865154319402,0.439655376446084
path:rno00260,"Glycine, serine and threonine metabolism",-0.0869143845875488,0.281170278608178,0.439655376446084
path:rno04666,Fc gamma R-mediated phagocytosis,0.0428183278456072,0.281322893610195,0.439655376446084
path:rno00280,"Valine, leucine and isoleucine degradation",-0.0846046993428648,0.29404310490274,0.457237028123761
path:rno04612,Antigen processing and presentation,0.101982165280356,0.306813109249697,0.47424225565066
path:rno04975,Fat digestion and absorption,0.0726069475637607,0.308028731966023,0.47424225565066
path:rno00062,Fatty acid elongation,-0.10908138843824,0.31482072349204,0.48036231237058
path:rno00603,Glycosphingolipid biosynthesis - globo and isoglobo series,0.0627161873143676,0.315092963741474,0.48036231237058
path:rno04728,Dopaminergic synapse,0.0341450677079341,0.318647842347799,0.480735955202162
path:rno05340,Primary immunodeficiency,-0.261918629069843,0.318786057934565,0.480735955202162
path:rno05010,Alzheimer's disease,0.0562366752575917,0.319975378542918,0.480735955202162
path:rno04072,Phospholipase D signaling pathway,0.0249429173252809,0.323502898438262,0.481955837631878
path:rno05031,Amphetamine addiction,0.0704620487837533,0.323886720466439,0.481955837631878
path:rno00970,Aminoacyl-tRNA biosynthesis,0.0618732447863129,0.328395994042169,0.484414215393532
path:rno04660,T cell receptor signaling pathway,0.0460073561631055,0.328654017517798,0.484414215393532
path:rno04923,Regulation of lipolysis in adipocytes,0.0771585685209206,0.331190562076503,0.484751306926345
path:rno04978,Mineral absorption,-0.0757971305579917,0.332000091238944,0.484751306926345
path:rno00512,Mucin type O-glycan biosynthesis,-0.0489494389930465,0.334361759263698,0.485918257621542
path:rno05145,Toxoplasmosis,0.0386224770522078,0.340216398693893,0.492126976715353
path:rno00604,Glycosphingolipid biosynthesis - ganglio series,0.0586572507026662,0.345444326936682,0.497375859617167
path:rno05034,Alcoholism,-0.0655422349513551,0.351018169703778,0.501825379729169
path:rno00020,Citrate cycle (TCA cycle),0.0453885777013244,0.351761841739417,0.501825379729169
path:rno04727,GABAergic synapse,-0.0355975921034898,0.354850511278116,0.503920132454311
path:rno04014,Ras signaling pathway,0.0260550013083563,0.35713993244686,0.504865995413516
path:rno05202,Transcriptional misregulation in cancer,0.0392767451181671,0.378631662619506,0.532825552374056
path:rno05016,Huntington's disease,0.0479925224196796,0.387868333075931,0.543365097237002
path:rno03015,mRNA surveillance pathway,-0.0314294073924411,0.391212257380117,0.545591982265544
path:rno00250,"Alanine, aspartate and glutamate metabolism",0.0431320945205692,0.403965387456425,0.560862658477447
path:rno04022,cGMP-PKG signaling pathway,0.0337690296873262,0.40683889043515,0.562341755223696
path:rno01040,Biosynthesis of unsaturated fatty acids,0.0933168035955031,0.408688242698669,0.562398422474718
path:rno05134,Legionellosis,-0.0532403915027846,0.413804726619636,0.566930704752013
path:rno04720,Long-term potentiation,0.0437279142860987,0.428920774011855,0.58276847265923
path:rno04115,p53 signaling pathway,0.0298050697287486,0.429112476652616,0.58276847265923
path:rno03450,Non-homologous end-joining,-0.049795150483431,0.434449752336012,0.587451621636955
path:rno04514,Cell adhesion molecules (CAMs),0.0444182096410264,0.438514097564137,0.590380451698903
path:rno03020,RNA polymerase,-0.031872586766816,0.446055546418972,0.597945150587502
path:rno05414,Dilated cardiomyopathy,0.0349121630665842,0.452896633617737,0.604510098948997
path:rno04371,Apelin signaling pathway,-0.0259041373014135,0.472605565862892,0.624194053716212
path:rno00780,Biotin metabolism,-0.0513963709896578,0.473530290645075,0.624194053716212
path:rno00564,Glycerophospholipid metabolism,-0.0318445150528468,0.473664941083685,0.624194053716212
path:rno04630,Jak-STAT signaling pathway,-0.0403317293122503,0.488029128157256,0.6404095310418
path:rno01100,Metabolic pathways,0.0207644967251974,0.491744881207337,0.642574193510427
path:rno00310,Lysine degradation,0.0602267863797476,0.494539134948725,0.64352163585378
path:rno00770,Pantothenate and CoA biosynthesis,0.0682035673892672,0.511403371653397,0.662266572305708
path:rno04650,Natural killer cell mediated cytotoxicity,-0.0248783426594251,0.515035175868526,0.662266572305708
path:rno00531,Glycosaminoglycan degradation,-0.0350398711679115,0.51533283118322,0.662266572305708
path:rno04960,Aldosterone-regulated sodium reabsorption,0.0408314672636166,0.523412582470746,0.669012797746395
path:rno05152,Tuberculosis,-0.0406945332563727,0.524884638746368,0.669012797746395
path:rno04122,Sulfur relay system,0.0572403323223592,0.528344724333382,0.670674323541558
path:rno04973,Carbohydrate digestion and absorption,0.0385482078298329,0.543337530433882,0.686902325060721
path:rno04658,Th1 and Th2 cell differentiation,0.0216811760396173,0.552439735834892,0.69558201556539
path:rno04611,Platelet activation,0.02031874037453,0.558019785783635,0.699774812010929
path:rno04110,Cell cycle,-0.0399493874201225,0.565239396940287,0.704675652904352
path:rno03040,Spliceosome,-0.0370435034293199,0.566459528058161,0.704675652904352
path:rno00532,Glycosaminoglycan biosynthesis - chondroitin sulfate / dermatan sulfate,0.0470886337556249,0.572960468726151,0.70910438793856
path:rno00514,Other types of O-glycan biosynthesis,0.0310414260437819,0.574579761287836,0.70910438793856
path:rno04340,Hedgehog signaling pathway,0.0313890760976787,0.588103431690643,0.720118218854508
path:rno04260,Cardiac muscle contraction,0.0390713352910446,0.588135136942267,0.720118218854508
path:rno00450,Selenocompound metabolism,0.0317234672538713,0.601662778584369,0.729598940994075
path:rno01524,Platinum drug resistance,-0.0199914571842955,0.601755532048881,0.729598940994075
path:rno00534,Glycosaminoglycan biosynthesis - heparan sulfate / heparin,-0.0288009182744951,0.602916166673561,0.729598940994075
path:rno01212,Fatty acid metabolism,-0.0345121527092263,0.610158304677966,0.735500902150571
path:rno00730,Thiamine metabolism,0.0418463524700533,0.624775327931394,0.747858588416744
path:rno04921,Oxytocin signaling pathway,-0.0186518746314346,0.625219398676378,0.747858588416744
path:rno05160,Hepatitis C,0.0162254768005837,0.636785518119873,0.754906654275127
path:rno05169,Epstein-Barr virus infection,0.015265950791013,0.637018159745987,0.754906654275127
path:rno00750,Vitamin B6 metabolism,0.0449793680137116,0.638393730142631,0.754906654275127
path:rno03008,Ribosome biogenesis in eukaryotes,-0.0203207573397182,0.643137771663821,0.755684962800507
path:rno05218,Melanoma,-0.015888315203126,0.645773053955182,0.755684962800507
path:rno00533,Glycosaminoglycan biosynthesis - keratan sulfate,-0.0316488497169686,0.64634147943709,0.755684962800507
path:rno05416,Viral myocarditis,-0.0300789585021198,0.658726208207915,0.765591261916193
path:rno04512,ECM-receptor interaction,0.0252714763308577,0.659737807696269,0.765591261916193
path:rno04925,Aldosterone synthesis and secretion,0.0208838271516058,0.662643392555635,0.766104442694433
path:rno05146,Amoebiasis,-0.0216566608487712,0.665566371633728,0.766633857696627
path:rno05214,Glioma,0.0149646230043286,0.674658454760475,0.774239038488958
path:rno04614,Renin-angiotensin system,0.0463489793959438,0.682942457836034,0.780864354363995
path:rno05162,Measles,0.0136177092959482,0.724308966152397,0.825128529206577
path:rno04024,cAMP signaling pathway,0.0125051706992106,0.727021137708508,0.825195524917321
path:rno04664,Fc epsilon RI signaling pathway,0.0115109222354805,0.743065034462433,0.836427368605312
path:rno05418,Fluid shear stress and atherosclerosis,-0.017488589428446,0.744110201387682,0.836427368605312
path:rno04270,Vascular smooth muscle contraction,-0.0121214359107364,0.745870070324831,0.836427368605312
path:rno04136,Autophagy - other,-0.0139956020186582,0.750293347725003,0.836427368605312
path:rno04330,Notch signaling pathway,-0.0170571273563158,0.750364102382258,0.836427368605312
path:rno04912,GnRH signaling pathway,-0.00740870287588424,0.775421166341155,0.861271366900354
path:rno04662,B cell receptor signaling pathway,-0.00955843039141014,0.780051760453772,0.861874828179723
path:rno04726,Serotonergic synapse,-0.0104987196899399,0.781507078928238,0.861874828179723
path:rno04724,Glutamatergic synapse,-0.0115152491138717,0.791178804977427,0.869457980028197
path:rno04976,Bile secretion,0.0143174720640247,0.811234482072933,0.88835888705874
path:rno04142,Lysosome,0.00943128383228925,0.816804128844322,0.89131959323012
path:rno04659,Th17 cell differentiation,0.00871250591576453,0.821706414558151,0.893533898348199
path:rno05140,Leishmaniasis,0.0085693121597787,0.844345556141548,0.91060980687112
path:rno00920,Sulfur metabolism,0.0115024298740176,0.845383816609983,0.91060980687112
path:rno00053,Ascorbate and aldarate metabolism,-0.0178227345996742,0.846193679053871,0.91060980687112
path:rno00650,Butanoate metabolism,0.0266173151373284,0.853503740078666,0.91266902650247
path:rno00600,Sphingolipid metabolism,-0.00462616477661581,0.857861591031947,0.91266902650247
path:rno05012,Parkinson's disease,-0.0117394843694316,0.857967879464322,0.91266902650247
path:rno04668,TNF signaling pathway,-0.0081500727713264,0.859845738794931,0.91266902650247
path:rno05321,Inflammatory bowel disease (IBD),0.0105498332319674,0.867548777391327,0.917058155728643
path:rno04380,Osteoclast differentiation,-0.00603946380275,0.869878314919453,0.917058155728643
path:rno05203,Viral carcinogenesis,0.00607046562375353,0.896005200157893,0.940515012304414
path:rno05161,Hepatitis B,0.00482688725035811,0.898176715930582,0.940515012304414
path:rno05310,Asthma,-0.0181216651326241,0.913230547664894,0.953069464173765
path:rno01210,2-Oxocarboxylic acid metabolism,0.00377196294503675,0.92913891484064,0.966428770954646
path:rno00190,Oxidative phosphorylation,0.0051490577620709,0.945606271058921,0.980278500997748
path:rno04730,Long-term depression,0.00203696569329758,0.955052102559933,0.986781408292821
path:rno00270,Cysteine and methionine metabolism,-0.00207106065810665,0.96489009326938,0.988762066004099
path:rno00640,Propanoate metabolism,-0.00478742651222214,0.96779703230728,0.988762066004099
path:rno04911,Insulin secretion,0.00161022775622185,0.97232903844586,0.988762066004099
path:rno03050,Proteasome,-0.00164166487055792,0.975943354926841,0.988762066004099
path:rno05323,Rheumatoid arthritis,-0.00139743304022136,0.979627129357447,0.988762066004099
path:rno04261,Adrenergic signaling in cardiomyocytes,-0.000714190987628168,0.981314167453948,0.988762066004099
path:rno00561,Glycerolipid metabolism,-0.00095253330951334,0.983649789888931,0.988762066004099
path:rno04914,Progesterone-mediated oocyte maturation,0.00110871428188262,0.984004161019696,0.988762066004099
path:rno03013,RNA transport,-0.000661940954768788,0.985582766756497,0.988762066004099
path:rno00790,Folate biosynthesis,0.000745475639464334,0.995171044073087,0.995171044073087
