Pathway,logFC,p.value,FDR
Wnt-activated receptor activity,-0.334757412664968,1.69185998544208e-10,9.40401101434674e-09
"Wnt signaling, the planar cell polarity pathway",-0.371692952535789,2.06681560754873e-10,9.40401101434674e-09
protein localization to ciliary transition zone,-0.487294348209491,2.71860622902409e-09,8.2464388947064e-08
Wnt signaling pathway involved in dorsal/ventral axis specification,-0.345173340060928,1.60539250781966e-08,3.65226795528972e-07
Wnt signaling pathway,-0.1123787682371,4.3850271858048e-08,7.98074947816474e-07
planar cell polarity pathway involved in gastrula mediolateral intercalation,1.1336485755538,8.19460771683525e-07,1.24284883705335e-05
planar cell polarity pathway involved in axis elongation,0.70565103855146,1.81115980125454e-06,2.3545077416309e-05
canonical Wnt signaling pathway involved in positive regulation of epithelial to mesenchymal transition,0.371451408449623,8.37037227440357e-06,9.52129846213406e-05
canonical Wnt signaling pathway involved in positive regulation of cardiac outflow tract cell proliferation,-0.20695739024065,8.68361829460262e-05,0.000878010294232043
"positive regulation of Wnt signaling pathway, planar cell polarity pathway",-0.18256051288275,0.000359645532942876,0.00327277434978017
"Wnt signaling, non-canonical pathway",-0.10740558640037,0.000504476728486969,0.00417339839021038
canonical Wnt signaling pathway involved in mesenchymal stem cell differentiation,-0.406163754017641,0.000954477815056753,0.00677791111930919
"Wnt signaling pathway, planar cell polarity pathway",0.183487062929314,0.00096827301704417,0.00677791111930919
patched binding,0.245167512250435,0.00120486086412026,0.0078315956167817
"regulation of Wnt signaling pathway, planar cell polarity pathway",-0.392544066378137,0.00144593314838182,0.00877199443351636
photoreceptor connecting cilium,0.115200227033844,0.00162639001449674,0.00925009320745022
canonical Wnt signaling pathway involved in osteoblast differentiation,-0.287243845532599,0.00173906721250106,0.00930912449044683
mTOR signaling pathway,-0.0545571497924263,0.00369870154331542,0.0186989911356502
ciliary pocket membrane,0.187276108921783,0.00432459724866306,0.020712544717281
canonical Wnt signaling pathway involved in positive regulation of apoptotic process,-0.189815221716055,0.00524342092204555,0.0238575651953073
negative regulation of platelet-derived growth factor receptor-beta signaling pathway,0.258126448948631,0.00618689693694097,0.0268098867267442
non-canonical Wnt signaling pathway via JNK cascade,0.190258629736328,0.0073214812552148,0.0302843088283885
non-canonical Wnt signaling pathway,0.156029551854849,0.00962161815849678,0.0373513337983786
Hedgehog signaling pathway,-0.0575895026438319,0.00985090122155041,0.0373513337983786
negative regulation of smoothened signaling pathway involved in ventral spinal cord patterning,0.229991943384164,0.0106712533087878,0.0388433620439875
intraciliary transport particle B,0.100655091023778,0.0118346627385748,0.0406258327057614
smoothened binding,0.21255293293888,0.0129862306159111,0.0406258327057614
BBSome,0.127064158690435,0.0130643071174866,0.0406258327057614
smoothened signaling pathway involved in spinal cord motor neuron cell fate specification,0.275419329398188,0.0137227520428812,0.0406258327057614
smoothened signaling pathway involved in ventral spinal cord interneuron specification,0.275419329398188,0.0137227520428812,0.0406258327057614
regulation of canonical Wnt signaling pathway,-0.0814441569759425,0.0138395693832813,0.0406258327057614
"Wnt signaling, canonical pathway",0.0724005510772255,0.0148948230902258,0.0419023631871153
smoothened signaling pathway,-0.0594685799530026,0.0156431855977028,0.0419023631871153
TORC2 complex,-0.127803123021474,0.0156558280039771,0.0419023631871153
photoreceptor outer segment,0.0805562468836913,0.0202884575147762,0.0527499895384181
receptor internalization involved in canonical Wnt signaling pathway,0.285009406265672,0.0220361753445613,0.0557025543431967
positive regulation of non-canonical Wnt signaling pathway,0.212884568280031,0.0250130643432159,0.0615186177089904
photoreceptor outer segment membrane,0.117398505652502,0.0302360331228114,0.0676536997701786
positive regulation of cell proliferation by VEGF-activated platelet derived growth factor receptor signaling pathway,0.247441306621093,0.0303215669845467,0.0676536997701786
positive regulation of platelet-derived growth factor receptor-beta signaling pathway,-0.202460529583198,0.0304176942256957,0.0676536997701786
negative regulation of smoothened signaling pathway,0.0918261717655972,0.0304813372590915,0.0676536997701786
planar cell polarity pathway involved in axon guidance,0.128949176883915,0.0335077684187803,0.0726001649073572
axoneme,0.0684457213779956,0.0423282627582513,0.0892979516047918
negative regulation of platelet-derived growth factor receptor signaling pathway,0.0878402477317322,0.0442118494724471,0.0892979516047918
intraciliary anterograde transport,0.159033057134351,0.0442992514066988,0.0892979516047918
regulation of smoothened signaling pathway,-0.08133014169911,0.0451396238881365,0.0892979516047918
platelet-derived growth factor receptor signaling pathway,-0.0565201996041485,0.0743017523438516,0.143860839644479
canonical Wnt signaling pathway involved in metanephric kidney development,-0.11980564738576,0.138603796713375,0.262769697935773
negative regulation of platelet-derived growth factor receptor-alpha signaling pathway,0.116013255500011,0.143139653077437,0.265830784286668
positive regulation of smoothened signaling pathway,0.0697879389220969,0.152394912352711,0.273763085141397
altered Hedgehog signaling pathway,0.10729003964926,0.155597997612924,0.273763085141397
smoothened signaling pathway involved in regulation of cerebellar granule cell precursor cell proliferation,-0.177351442445365,0.157564297004525,0.273763085141397
non-motile cilium assembly,0.0592238911683343,0.159444434203231,0.273763085141397
intraciliary retrograde transport,-0.0595749104845284,0.180351463931802,0.29817049009445
platelet-derived growth factor receptor-beta signaling pathway,-0.0538534604592465,0.182179950169027,0.29817049009445
negative regulation of Wnt signaling pathway,-0.0511430173166438,0.183489532365815,0.29817049009445
ciliary receptor clustering involved in smoothened signaling pathway,-0.0946093924704159,0.213036749495122,0.339041090489567
axonemal microtubule,0.110389120986348,0.216092123608735,0.339041090489567
kinociliary basal body,0.117291248430175,0.221673549607677,0.341903271428789
positive regulation of platelet-derived growth factor receptor signaling pathway,0.144478094854286,0.227520591473394,0.345072897067981
protein localization to ciliary membrane,0.101161527246139,0.232825916634398,0.347330465798856
intraciliary transport,0.0485636742019692,0.278087154238679,0.402199140074462
negative regulation of canonical Wnt signaling pathway,0.0328150443235096,0.278445558513089,0.402199140074462
ciliary membrane,0.0456205208551307,0.289808665442949,0.412071696176694
"Wnt signaling pathway, calcium modulating pathway",0.0736903005890943,0.310133924078936,0.43418749371051
intraciliary transport involved in cilium assembly,-0.0574265250589618,0.325177419460082,0.448350684407083
smoothened signaling pathway involved in dorsal/ventral neural tube patterning,0.0596043159321388,0.375094375281713,0.506391420923009
negative regulation of non-canonical Wnt signaling pathway,0.0442986331193923,0.378402380469941,0.506391420923009
canonical Wnt signaling pathway involved in negative regulation of apoptotic process,0.0447894765316183,0.386819471853385,0.51015321650229
receptor localization to non-motile cilium,0.102681071453544,0.419628282200327,0.542536486047156
positive regulation of hh target transcription factor activity,-0.0982612713732035,0.423297697904924,0.542536486047156
positive regulation of canonical Wnt signaling pathway,0.0225643281203463,0.441651661455822,0.55819862767333
positive regulation of Wnt signaling pathway,-0.0244474871477176,0.472466260870445,0.588964790948089
hedgehog receptor activity,0.082672666455081,0.480275730450711,0.590609344202902
axonemal basal plate,-0.0658146758047605,0.48679836632647,0.590648684476117
intraciliary transport particle A,-0.0370808683842047,0.502983688118781,0.602256784458015
planar cell polarity pathway involved in neural tube closure,-0.030504721547795,0.538886789502841,0.636866205776085
positive regulation of non-motile cilium assembly,-0.0209498963987468,0.590430226740038,0.677822652353988
positive regulation of metanephric mesenchymal cell migration by platelet-derived growth factor receptor-beta signaling pathway,0.0502404518606424,0.598535662804781,0.677822652353988
basal cell carcinoma pathway,-0.0142147043580265,0.59882625284425,0.677822652353988
regulation of Wnt signaling pathway,-0.0318655890221784,0.603336646600802,0.677822652353988
adenosine monophosphate-activated protein kinase (AMPK) signaling pathway,-0.0163091539291842,0.630650687379554,0.699868445750481
negative regulation of non-motile cilium assembly,-0.0428311704158122,0.640053469537003,0.701745370215268
"altered Wnt signaling, canonical pathway",0.0246839787780084,0.661952473133448,0.717115179227902
ciliary basal body,0.0105741654787978,0.724177797602071,0.765371494773756
intraciliary transport particle,0.0240068879749209,0.726446635511996,0.765371494773756
ciliary basal body organization,0.0319271083133614,0.731728791706778,0.765371494773756
negative regulation of smoothened signaling pathway involved in dorsal/ventral neural tube patterning,-0.0108315318086303,0.806104827686965,0.833585674085384
ciliary tip,0.00770427615109778,0.8727893829086,0.892402627468344
TORC1 complex,-0.00548019682623076,0.912143565019981,0.922278493520203
canonical Wnt signaling pathway,0.000782693372019644,0.978254078964173,0.978254078964173
