Pathway,Description,logFC,p.value,FDR
path:rno05230,Central carbon metabolism in cancer,-0.241026547011438,1.68753899743024e-14,5.24824628200804e-12
path:rno04390,Hippo signaling pathway,-0.138336817479821,2.50466314355435e-13,3.89475118822702e-11
path:rno05410,Hypertrophic cardiomyopathy (HCM),-0.332587035245804,4.96713781217295e-13,5.14926619861929e-11
path:rno05414,Dilated cardiomyopathy,-0.296694650838888,6.73239242132695e-13,5.2344351075817e-11
path:rno04066,HIF-1 signaling pathway,-0.192839873929453,4.4459991244139e-12,2.37414088388732e-10
path:rno05412,Arrhythmogenic right ventricular cardiomyopathy (ARVC),-0.309380044997539,4.58033611039355e-12,2.37414088388732e-10
path:rno04530,Tight junction,-0.121625984159779,9.42268485459863e-12,4.18636427111453e-10
path:rno04930,Type II diabetes mellitus,-0.293478440113067,1.58590918175605e-11,6.16522194407665e-10
path:rno00240,Pyrimidine metabolism,0.254762779369823,2.4293476941258e-11,8.39474592081247e-10
path:rno04978,Mineral absorption,0.391808985836481,9.4396492120366e-11,2.93573090494338e-09
path:rno04140,Autophagy - animal,-0.107818052035323,1.10791820162603e-10,3.13238691550633e-09
path:rno04213,Longevity regulating pathway - multiple species,-0.151019341631508,1.27118759962741e-10,3.15250028778062e-09
path:rno04068,FoxO signaling pathway,-0.106064442648824,1.41466394154577e-10,3.15250028778062e-09
path:rno00350,Tyrosine metabolism,0.504798029940528,1.41913196234497e-10,3.15250028778062e-09
path:rno00630,Glyoxylate and dicarboxylate metabolism,0.242376657051384,1.73908707832506e-10,3.60570720906062e-09
path:rno00310,Lysine degradation,-0.15637330397523,2.32077912443174e-10,4.51101442311419e-09
path:rno04722,Neurotrophin signaling pathway,-0.122215063484722,2.86108248204187e-10,5.2340979524413e-09
path:rno04392,Hippo signaling pathway -multiple species,-0.352349761927589,3.69424046908762e-10,6.38282658825694e-09
path:rno00480,Glutathione metabolism,0.390184084949049,7.22103079523359e-10,1.18196872490402e-08
path:rno04211,Longevity regulating pathway,-0.12966533069251,8.78623396260991e-10,1.36625938118584e-08
path:rno00340,Histidine metabolism,0.406686688844152,1.20718226678488e-09,1.78777945223855e-08
path:rno03050,Proteasome,0.205697869147389,1.48902521792902e-09,2.03216341440045e-08
path:rno00982,Drug metabolism - cytochrome P450,0.507969823462009,1.50288612640548e-09,2.03216341440045e-08
path:rno00230,Purine metabolism,0.154342809957512,3.20618025988812e-09,4.15467525343835e-08
path:rno00410,beta-Alanine metabolism,0.237769973803303,6.80163298219232e-09,8.46123142984724e-08
path:rno00980,Metabolism of xenobiotics by cytochrome P450,0.409088859166217,8.848148096404e-09,1.05837463768525e-07
path:rno00010,Glycolysis / Gluconeogenesis,-0.222990478847304,1.54378092531715e-08,1.77820691768013e-07
path:rno04216,Ferroptosis,0.186401347818085,3.85326658474299e-08,4.27987824233954e-07
path:rno05204,Chemical carcinogenesis,0.401090177636656,4.33118084667264e-08,4.57822245307398e-07
path:rno00380,Tryptophan metabolism,0.248451510641992,4.41629175537683e-08,4.57822245307398e-07
path:rno00071,Fatty acid degradation,0.146216563989531,5.3524841695202e-08,5.36975024748639e-07
path:rno01100,Metabolic pathways,0.100440375687884,5.79634071281479e-08,5.63331863026687e-07
path:rno01210,2-Oxocarboxylic acid metabolism,0.223972335680016,7.93775019442446e-08,7.48072821353335e-07
path:rno00512,Mucin type O-glycan biosynthesis,0.273903749365673,1.34100197957762e-07,1.22662239896659e-06
path:rno00760,Nicotinate and nicotinamide metabolism,0.280061225131178,2.01424306036688e-07,1.78979883364028e-06
path:rno04924,Renin secretion,0.212844045966583,2.10557193257737e-07,1.8189801973099e-06
path:rno00740,Riboflavin metabolism,0.497287551237256,2.40593503573172e-07,2.02228593543936e-06
path:rno00471,D-Glutamine and D-glutamate metabolism,-0.468384194201136,3.38118916864971e-07,2.76723639855279e-06
path:rno00130,Ubiquinone and other terpenoid-quinone biosynthesis,0.349058251920617,3.63028645767275e-07,2.89492073932365e-06
path:rno05012,Parkinson's disease,0.178687872447751,4.372200678777e-07,3.39938602774912e-06
path:rno04215,Apoptosis - multiple species,0.224234646702774,5.71703449294927e-07,4.33657982270054e-06
path:rno04520,Adherens junction,-0.169326171548823,7.58418691848561e-07,5.61590983725959e-06
path:rno00534,Glycosaminoglycan biosynthesis - heparan sulfate / heparin,0.231937315594847,8.8069980920782e-07,6.36971257357284e-06
path:rno04971,Gastric acid secretion,0.197429168282355,9.63969528937646e-07,6.81351189771837e-06
path:rno04146,Peroxisome,0.15201957254312,1.03426388719846e-06,7.06648770437352e-06
path:rno00360,Phenylalanine metabolism,0.342090645347711,1.04520396913563e-06,7.06648770437352e-06
path:rno05152,Tuberculosis,0.0985106231369252,1.40134461299811e-06,9.2727271200513e-06
path:rno00590,Arachidonic acid metabolism,0.281400332920546,2.20186052259508e-06,1.42662213026473e-05
path:rno00260,"Glycine, serine and threonine metabolism",0.272151467002826,2.29174956436899e-06,1.45455941738522e-05
path:rno05340,Primary immunodeficiency,0.205594367505208,2.99849207503898e-06,1.85155051339546e-05
path:rno00983,Drug metabolism - other enzymes,0.226826338284606,3.03630470042342e-06,1.85155051339546e-05
path:rno04810,Regulation of actin cytoskeleton,-0.089268506718445,5.84126367964011e-06,3.43141475688675e-05
path:rno04713,Circadian entrainment,0.186128047694789,5.84774862106103e-06,3.43141475688675e-05
path:rno00860,Porphyrin and chlorophyll metabolism,0.170064080508562,6.71070912295074e-06,3.86487136525496e-05
path:rno00062,Fatty acid elongation,0.137238641844703,7.50210200027114e-06,4.24209767651695e-05
path:rno04740,Olfactory transduction,0.257201095307763,9.0170586690091e-06,5.00768793939613e-05
path:rno00440,Phosphonate and phosphinate metabolism,-0.402585389201283,9.5816708782781e-06,5.22789411077981e-05
path:rno04623,Cytosolic DNA-sensing pathway,0.160228798239052,9.75939607751577e-06,5.2330554829438e-05
path:rno00562,Inositol phosphate metabolism,-0.112174196134172,1.10395153718468e-05,5.81913437397347e-05
path:rno00563,Glycosylphosphatidylinositol (GPI)-anchor biosynthesis,0.150058937466695,1.19204251072656e-05,6.17875368059933e-05
path:rno04137,Mitophagy - animal,-0.137427367597246,1.24058523949255e-05,6.32495097511777e-05
path:rno04510,Focal adhesion,-0.0962483223874725,1.57135465768121e-05,7.88211771836866e-05
path:rno04931,Insulin resistance,-0.0935291480993816,1.6470616826858e-05,8.13073306849658e-05
path:rno00140,Steroid hormone biosynthesis,0.307873656599643,1.98590573971517e-05,9.65026070392838e-05
path:rno03040,Spliceosome,0.0942903175388941,2.90177929814085e-05,0.000138838978726432
path:rno05100,Bacterial invasion of epithelial cells,-0.108952415446454,6.34516774877802e-05,0.000298991995434843
path:rno05222,Small cell lung cancer,-0.101994425174754,6.79008869517439e-05,0.000315026492627611
path:rno00515,Mannose type O-glycan biosynthesis,-0.182790142112594,6.88803906709889e-05,0.000315026492627611
path:rno00280,"Valine, leucine and isoleucine degradation",0.107056981195558,7.04649769323009e-05,0.000317603011970226
path:rno05213,Endometrial cancer,-0.0964965695208403,9.49276798800636e-05,0.000419049616114293
path:rno04730,Long-term depression,0.129888142721573,9.56672757045493e-05,0.000419049616114293
path:rno02010,ABC transporters,0.16749374227131,0.000101994274359606,0.000440558601747742
path:rno04723,Retrograde endocannabinoid signaling,0.10258094069095,0.000152670900939648,0.000650419865646992
path:rno05034,Alcoholism,0.203676773898516,0.000169422170290565,0.000712031012977914
path:rno00592,alpha-Linolenic acid metabolism,0.33193393966006,0.000199730812942782,0.00082821710433607
path:rno00591,Linoleic acid metabolism,0.31006727438352,0.000243233199739168,0.000995335856827383
path:rno03022,Basal transcription factors,0.169424408459471,0.000260949021111903,0.001053962929426
path:rno04115,p53 signaling pathway,0.0834661947949972,0.000372486220668198,0.00148516941830525
path:rno03320,PPAR signaling pathway,0.11722460728513,0.00039186732545504,0.00154266757236098
path:rno00190,Oxidative phosphorylation,0.140462955509823,0.000484565146358518,0.00188374700646874
path:rno05132,Salmonella infection,-0.0980144736153758,0.0005091957420158,0.00195506019465326
path:rno05205,Proteoglycans in cancer,-0.0703923630666304,0.000545000620517211,0.00206701454854698
path:rno00565,Ether lipid metabolism,0.197684136150821,0.000600626168987597,0.00225053901873666
path:rno00040,Pentose and glucuronate interconversions,0.22516420157936,0.000639356943730373,0.00236714297023983
path:rno00830,Retinol metabolism,0.200209601120809,0.000689409997847806,0.00252242952153726
path:rno04020,Calcium signaling pathway,0.14179207305319,0.000731818641536173,0.0026464604362529
path:rno01212,Fatty acid metabolism,0.0818792064846589,0.000800982777003712,0.00286328326032361
path:rno03010,Ribosome,-0.22121419550419,0.000842683255757537,0.00297811923341584
path:rno04933,AGE-RAGE signaling pathway in diabetic complications,-0.0644358127529753,0.000912445862605082,0.00318843441876607
path:rno03020,RNA polymerase,0.134554390706366,0.000972073519929731,0.00335905405220163
path:rno04670,Leukocyte transendothelial migration,-0.10142300724386,0.00102486833291304,0.00350257199490062
path:rno04330,Notch signaling pathway,-0.102901393800702,0.00117106696416092,0.00395871549841353
path:rno04152,AMPK signaling pathway,-0.0633977332273288,0.00127270918987898,0.00425604901131574
path:rno04010,MAPK signaling pathway,-0.0736226527635718,0.00146326027503108,0.00484121218653898
path:rno04540,Gap junction,0.104057412276279,0.00179520171507684,0.00585281601697015
path:rno00533,Glycosaminoglycan biosynthesis - keratan sulfate,0.17385867790258,0.00180665703417728,0.00585281601697015
path:rno00330,Arginine and proline metabolism,0.100013547482662,0.00188232200939241,0.00603507365897978
path:rno05133,Pertussis,0.111081135365525,0.00191121922593263,0.00606519570678621
path:rno05168,Herpes simplex infection,0.0643488528673922,0.00193154422504293,0.00606778034331669
path:rno04260,Cardiac muscle contraction,-0.126417738914434,0.00225628263633215,0.00701703899899299
path:rno00532,Glycosaminoglycan biosynthesis - chondroitin sulfate / dermatan sulfate,0.162104192634795,0.00245062360176404,0.00754597960543183
path:rno04080,Neuroactive ligand-receptor interaction,0.114330034264792,0.00274748768323504,0.00837714381849116
path:rno04910,Insulin signaling pathway,-0.0646402085938261,0.00283969447268406,0.00857422311655091
path:rno04744,Phototransduction,0.261902811515619,0.00315338354212827,0.00942982963078743
path:rno00300,Lysine biosynthesis,0.411022804732261,0.00328554423191335,0.00973146910595288
path:rno00900,Terpenoid backbone biosynthesis,-0.293819062049896,0.00357754824099543,0.0104963915372602
path:rno04614,Renin-angiotensin system,0.258070593631275,0.00370192716874252,0.0107598070044759
path:rno05143,African trypanosomiasis,0.18950971041949,0.00377407437104239,0.0108679363832795
path:rno04960,Aldosterone-regulated sodium reabsorption,-0.113912553494613,0.00386835356815474,0.0110372289880378
path:rno01230,Biosynthesis of amino acids,-0.0751031829916023,0.00408439782627235,0.0115477065815518
path:rno04611,Platelet activation,-0.0684829195953382,0.00412488484270379,0.0115571097845124
path:rno00920,Sulfur metabolism,0.161551425678371,0.00419268856078976,0.0116421977000502
path:rno00750,Vitamin B6 metabolism,0.256508912479058,0.00424375501723026,0.0116797151359169
path:rno00670,One carbon pool by folate,0.152353152625554,0.00461820972049519,0.0125988002024036
path:rno00531,Glycosaminoglycan degradation,0.147734308171363,0.00489738320199379,0.0131414790576071
path:rno04710,Circadian rhythm,-0.0943425817858548,0.00490164492180845,0.0131414790576071
path:rno05014,Amyotrophic lateral sclerosis (ALS),0.0892302931666084,0.00575898351055392,0.0153080672801903
path:rno00600,Sphingolipid metabolism,0.0691897580352396,0.00597560985345662,0.0157492768171611
path:rno00790,Folate biosynthesis,0.19140481791251,0.00683989394560408,0.0178756892191838
path:rno03420,Nucleotide excision repair,0.136462352569102,0.00713329411188123,0.0184871205732922
path:rno04977,Vitamin digestion and absorption,-0.14963897244108,0.00766036778500623,0.0196890444722061
path:rno05146,Amoebiasis,-0.08042685707109,0.00842318274254117,0.0214722117453304
path:rno04621,NOD-like receptor signaling pathway,0.0789631058095944,0.0092695948959988,0.0232697838546691
path:rno04913,Ovarian steroidogenesis,0.139628699493476,0.00927798455941792,0.0232697838546691
path:rno04970,Salivary secretion,0.113446397029356,0.00937865505320669,0.0233340937723782
path:rno00640,Propanoate metabolism,0.0834620367393984,0.00960483802675376,0.0237071795739716
path:rno00564,Glycerophospholipid metabolism,0.0849728434501723,0.00971440423807855,0.0237888166774995
path:rno00601,Glycosphingolipid biosynthesis - lacto and neolacto series,0.129701867545943,0.00981488919660412,0.0238471135948741
path:rno00910,Nitrogen metabolism,0.271875193822113,0.0100457961297704,0.0242189348554929
path:rno04917,Prolactin signaling pathway,0.0507764968059179,0.0103123455842148,0.0246703036668524
path:rno04114,Oocyte meiosis,0.0854085398608431,0.010509651012728,0.024950392862278
path:rno03008,Ribosome biogenesis in eukaryotes,0.093840373980985,0.0106460724823092,0.0250827919848346
path:rno05016,Huntington's disease,0.0742993563361593,0.010727872989533,0.02508547744169
path:rno04919,Thyroid hormone signaling pathway,-0.0665566333446135,0.0112687403211822,0.0260257425949963
path:rno00770,Pantothenate and CoA biosynthesis,0.16004724485969,0.011297348071783,0.0260257425949963
path:rno00120,Primary bile acid biosynthesis,0.191364711328209,0.0114000565583753,0.0260692469827553
path:rno00620,Pyruvate metabolism,-0.126426373678102,0.0118128297720197,0.026815985832833
path:rno00100,Steroid biosynthesis,-0.412988868437655,0.0124514053673002,0.028060775863988
path:rno04920,Adipocytokine signaling pathway,-0.0586662793589556,0.0136322346906146,0.0305008991998643
path:rno04130,SNARE interactions in vesicular transport,0.125355756216031,0.0161962158878545,0.0359787367223053
path:rno04141,Protein processing in endoplasmic reticulum,-0.0646856095197202,0.0172003837648458,0.0379384351125322
path:rno00052,Galactose metabolism,-0.0892423019768024,0.0179483516036847,0.0393094179489151
path:rno04728,Dopaminergic synapse,0.0636263661503702,0.018488481059593,0.0402092140526814
path:rno05031,Amphetamine addiction,0.107122208935132,0.0190477246622905,0.0411377942359191
path:rno05214,Glioma,0.0684811127559492,0.0193261783197519,0.0414513203961575
path:rno00561,Glycerolipid metabolism,0.042242831549398,0.0198586991888529,0.0423017496420086
path:rno04144,Endocytosis,-0.0427532162483182,0.020278444200782,0.0429020146016543
path:rno00072,Synthesis and degradation of ketone bodies,-0.196432759431293,0.0227321668938381,0.0475029184178739
path:rno04150,mTOR signaling pathway,-0.0470891135470446,0.0227586329397531,0.0475029184178739
path:rno05032,Morphine addiction,0.0728774254816789,0.0256657066126053,0.0532135650434683
path:rno04060,Cytokine-cytokine receptor interaction,0.0793904309364222,0.0272445302449066,0.0561129066633507
path:rno04915,Estrogen signaling pathway,-0.0593238208254592,0.0304308945448695,0.0622632118648316
path:rno05217,Basal cell carcinoma,-0.0580016467185213,0.0307282881798114,0.0624607687837997
path:rno04514,Cell adhesion molecules (CAMs),-0.0718209784674233,0.0325131804515963,0.0656597345483537
path:rno05223,Non-small cell lung cancer,-0.0548443659534989,0.0344162616481851,0.0689694022704227
path:rno00030,Pentose phosphate pathway,-0.0963363803673061,0.0345955844186043,0.0689694022704227
path:rno05322,Systemic lupus erythematosus,0.174284022513462,0.0373444379191836,0.0739752878526503
path:rno04923,Regulation of lipolysis in adipocytes,-0.0558116117020656,0.0377266571731811,0.0742507415813444
path:rno05231,Choline metabolism in cancer,-0.0635780220503319,0.0379609900689188,0.0742507415813444
path:rno01524,Platinum drug resistance,0.069864628500414,0.0396033415714653,0.0768860971365441
path:rno00270,Cysteine and methionine metabolism,0.0758705580226824,0.0398027705433556,0.0768860971365441
path:rno04110,Cell cycle,0.0835805560232825,0.0401236303958138,0.0770274632907289
path:rno04350,TGF-beta signaling pathway,0.049468468653573,0.0407791288781304,0.07760676499993
path:rno05144,Malaria,0.0902016759106752,0.0409244677170049,0.07760676499993
path:rno04320,Dorso-ventral axis formation,-0.0988478595653175,0.0428703738020162,0.0808041591056184
path:rno05416,Viral myocarditis,-0.0807504148621196,0.0442198739893602,0.0828456675342833
path:rno04550,Signaling pathways regulating pluripotency of stem cells,-0.0439718027066039,0.0468964688478055,0.0873341425848354
path:rno00020,Citrate cycle (TCA cycle),0.0951049242665166,0.0478676591847035,0.0884456489383676
path:rno00400,"Phenylalanine, tyrosine and tryptophan biosynthesis",0.215602763839126,0.0480621050501097,0.0884456489383676
path:rno05320,Autoimmune thyroid disease,0.107191531162061,0.0484802892405317,0.0886904114929727
path:rno04972,Pancreatic secretion,0.0746909858943582,0.0524043049428266,0.0949963588552065
path:rno04973,Carbohydrate digestion and absorption,-0.0878386943095118,0.0525381791739406,0.0949963588552065
path:rno04650,Natural killer cell mediated cytotoxicity,0.0555512987707439,0.0532110063345844,0.0956567801737327
path:rno04966,Collecting duct acid secretion,0.0880363302591896,0.0538314331655657,0.0962159523821319
path:rno05224,Breast cancer,-0.0447703523358827,0.0554006795676352,0.0984549219744831
path:rno04612,Antigen processing and presentation,-0.0377815092729401,0.0576221683802638,0.101820990717398
path:rno04070,Phosphatidylinositol signaling system,-0.0514846130325459,0.0588489645482422,0.103401287991544
path:rno05150,Staphylococcus aureus infection,0.105371282258139,0.0638095771758044,0.111487519672332
path:rno05030,Cocaine addiction,0.0732440147680331,0.0775527304999067,0.134742453550117
path:rno03015,mRNA surveillance pathway,0.0541579263597655,0.0795008599701648,0.137359819170674
path:rno01200,Carbon metabolism,-0.0271445388457923,0.0849995493905271,0.14604894950527
path:rno05310,Asthma,-0.221048739392746,0.0873597029235753,0.149279492358417
path:rno00520,Amino sugar and nucleotide sugar metabolism,0.0637066244216063,0.0881434643765218,0.149795723612559
path:rno00730,Thiamine metabolism,0.110645753568811,0.0900108131847914,0.152137841850381
path:rno03410,Base excision repair,0.082643167455218,0.0908724614867882,0.152763975796709
path:rno05134,Legionellosis,0.0723558372762568,0.093086219531509,0.15564416276505
path:rno03013,RNA transport,0.0554111720046767,0.0942154738111315,0.156689905643112
path:rno00604,Glycosphingolipid biosynthesis - ganglio series,0.100381544178143,0.0966792017398456,0.159932083729213
path:rno03450,Non-homologous end-joining,-0.082225176763394,0.0977695068569666,0.160879982182628
path:rno04725,Cholinergic synapse,-0.0499786380753009,0.103381456612774,0.169219121087225
path:rno04071,Sphingolipid signaling pathway,-0.0355896228817409,0.107554335596333,0.175127740159475
path:rno05202,Transcriptional misregulation in cancer,0.0403739632332618,0.11507033784375,0.185469318939764
path:rno04640,Hematopoietic cell lineage,0.0821300518718333,0.115614413386651,0.185469318939764
path:rno04610,Complement and coagulation cascades,0.0720274180439827,0.115694687698759,0.185469318939764
path:rno04974,Protein digestion and absorption,0.0805939726845702,0.121261165343115,0.192536037964972
path:rno05010,Alzheimer's disease,0.0468628358843052,0.121341040003648,0.192536037964972
path:rno01522,Endocrine resistance,-0.0320754311344935,0.123806050801471,0.195450161417551
path:rno05218,Melanoma,0.0392175117877061,0.12756022049197,0.200124375929218
path:rno00785,Lipoic acid metabolism,0.216771303677704,0.128053861125127,0.200124375929218
path:rno01523,Antifolate resistance,0.0603058511126574,0.131230391279013,0.204063258438865
path:rno04024,cAMP signaling pathway,0.0386986978266656,0.13466979981016,0.208369690253531
path:rno03018,RNA degradation,-0.0526334468973107,0.14048295588755,0.216288115252614
path:rno03460,Fanconi anemia pathway,0.0971630891235338,0.143606456771974,0.220007921458541
path:rno04727,GABAergic synapse,-0.0399584229682849,0.161797973668228,0.246662597111857
path:rno05145,Toxoplasmosis,0.0340786728486104,0.17365424075649,0.263446189635455
path:rno03440,Homologous recombination,0.095145672861424,0.180336424720331,0.272255476155452
path:rno04270,Vascular smooth muscle contraction,-0.0339933251300737,0.18255078470741,0.274267120985529
path:rno04911,Insulin secretion,0.0404384539076978,0.183557080109016,0.274453134201462
path:rno05200,Pathways in cancer,-0.0220231398914393,0.184589679575326,0.274676508841754
path:rno03060,Protein export,0.0721666697856785,0.199782544775276,0.29586843535767
path:rno04151,PI3K-Akt signaling pathway,0.0235821034865476,0.20633183426593,0.304119433444096
path:rno05166,HTLV-I infection,0.02806629500662,0.210503077910639,0.308804043538721
path:rno05219,Bladder cancer,-0.0435233748083996,0.211502178145294,0.308813039451579
path:rno04940,Type I diabetes mellitus,0.0604368662130802,0.21345589331495,0.310209265518456
path:rno05160,Hepatitis C,0.0312239951181424,0.216626084582281,0.310686532908989
path:rno04371,Apelin signaling pathway,0.0353700336875846,0.216802465417123,0.310686532908989
path:rno04921,Oxytocin signaling pathway,0.0362109284167781,0.217705711183462,0.310686532908989
path:rno04261,Adrenergic signaling in cardiomyocytes,-0.0309812684215677,0.217780270656462,0.310686532908989
path:rno04630,Jak-STAT signaling pathway,0.0399344924295866,0.221096137516231,0.313976706701131
path:rno04726,Serotonergic synapse,0.0368617368559937,0.226098296093213,0.319481040223512
path:rno04932,Non-alcoholic fatty liver disease (NAFLD),0.0351041918393164,0.227026719901595,0.319481040223512
path:rno04014,Ras signaling pathway,0.0262969063415219,0.233775157917503,0.327394069640354
path:rno04668,TNF signaling pathway,-0.035952975933183,0.234755233214788,0.327394069640354
path:rno05020,Prion diseases,0.0425779678195027,0.236770940399694,0.328731082429933
path:rno04660,T cell receptor signaling pathway,-0.0422747597218088,0.238120218831772,0.329135058029693
path:rno04720,Long-term potentiation,0.040871836545076,0.24069395308836,0.331220439869381
path:rno00970,Aminoacyl-tRNA biosynthesis,0.0673091320471362,0.242606807990374,0.332382014471394
path:rno04062,Chemokine signaling pathway,0.0346585611969501,0.24528212315411,0.334504697015688
path:rno04360,Axon guidance,0.0234141774675163,0.246307317095153,0.334504697015688
path:rno04964,Proximal tubule bicarbonate reclamation,0.0649987820111647,0.248178303937058,0.335580228367066
path:rno04012,ErbB signaling pathway,-0.0288871282659468,0.251220837452345,0.338156388461004
path:rno04916,Melanogenesis,0.0326937328868409,0.252812993845312,0.338156388461004
path:rno04922,Glucagon signaling pathway,-0.0304697684555814,0.253345461451492,0.338156388461004
path:rno04976,Bile secretion,0.0351053281702249,0.270832323141461,0.358760748835113
path:rno00500,Starch and sucrose metabolism,0.0498084639846309,0.272094309969657,0.358760748835113
path:rno03430,Mismatch repair,0.0820241186319156,0.272242883360407,0.358760748835113
path:rno05323,Rheumatoid arthritis,0.0394374171046064,0.2848635544994,0.373808293035078
path:rno04664,Fc epsilon RI signaling pathway,-0.0300898595056414,0.286150084350101,0.373918807701182
path:rno05211,Renal cell carcinoma,-0.0249291887569272,0.287829013830734,0.374539009629114
path:rno05162,Measles,-0.0227893725904817,0.291687908183886,0.377905893942307
path:rno04015,Rap1 signaling pathway,-0.0217899826543224,0.293469075592878,0.377905893942307
path:rno04975,Fat digestion and absorption,-0.0505088000419253,0.294061821009769,0.377905893942307
path:rno05140,Leishmaniasis,0.0288005081395728,0.312386531395721,0.399803338535264
path:rno04950,Maturity onset diabetes of the young,-0.126625385295549,0.316170763625358,0.402988145440518
path:rno05161,Hepatitis B,0.0273623208999769,0.322655567355366,0.409575026316403
path:rno04370,VEGF signaling pathway,-0.0329838230550976,0.341454294301566,0.431675957430029
path:rno04666,Fc gamma R-mediated phagocytosis,0.02841931090666,0.354042264822472,0.445777912387809
path:rno00780,Biotin metabolism,0.0635130965481566,0.367807654779439,0.460311965667667
path:rno05164,Influenza A,0.023740250399975,0.368917710543066,0.460311965667667
path:rno03030,DNA replication,0.0862588125369027,0.37002569587433,0.460311965667667
path:rno04064,NF-kappa B signaling pathway,-0.0227557690223049,0.371686545857807,0.460535919369633
path:rno05142,Chagas disease (American trypanosomiasis),0.0254379960960933,0.385932936496817,0.474925313613962
path:rno05206,MicroRNAs in cancer,-0.0242164861700154,0.386354033261519,0.474925313613962
path:rno00053,Ascorbate and aldarate metabolism,-0.0611900701602796,0.390013143041019,0.477535777502979
path:rno04962,Vasopressin-regulated water reabsorption,-0.0227135827870872,0.394825888908542,0.481532750786497
path:rno04672,Intestinal immune network for IgA production,-0.0610052909789738,0.411094418144429,0.499415484542646
path:rno05216,Thyroid cancer,-0.0214501388809957,0.41894946836843,0.506977761333003
path:rno00514,Other types of O-glycan biosynthesis,0.0291060208881648,0.421223519047333,0.507753931874885
path:rno04622,RIG-I-like receptor signaling pathway,-0.022627574993851,0.429278921774439,0.513617950952301
path:rno04145,Phagosome,0.020584038671523,0.429391213014785,0.513617950952301
path:rno04914,Progesterone-mediated oocyte maturation,0.0291328268024057,0.451180475220666,0.537613516450679
path:rno04340,Hedgehog signaling pathway,-0.0226373131004072,0.452983657016075,0.537701974549616
path:rno00061,Fatty acid biosynthesis,0.0605976065738599,0.484974208441664,0.57348661150326
path:rno04742,Taste transduction,0.0487893953436313,0.504271987412642,0.594047682141408
path:rno04912,GnRH signaling pathway,0.0151999273736583,0.508060558912308,0.596252203100859
path:rno00450,Selenocompound metabolism,-0.037861586434288,0.510594359883674,0.596973104976777
path:rno05330,Allograft rejection,0.034087380163247,0.517134598686055,0.602355281615592
path:rno05332,Graft-versus-host disease,0.0350120762552897,0.52619805045938,0.61062534960025
path:rno05212,Pancreatic cancer,-0.0159231621461619,0.537796538569513,0.621764771357317
path:rno04659,Th17 cell differentiation,0.01709432043323,0.544375674204483,0.627040128435534
path:rno04721,Synaptic vesicle cycle,-0.020178992494854,0.554881610211585,0.636782954892262
path:rno04657,IL-17 signaling pathway,0.0212832169990546,0.564349576655209,0.645267346837389
path:rno04380,Osteoclast differentiation,0.0161078618623404,0.569226809462489,0.646985286305253
path:rno04310,Wnt signaling pathway,-0.0116893120015143,0.570012760281799,0.646985286305253
path:rno04210,Apoptosis,0.0110501472473644,0.576681421958159,0.652174262650864
path:rno05215,Prostate cancer,-0.0127425938498359,0.594330861733977,0.669698905794445
path:rno05033,Nicotine addiction,-0.0269582325684833,0.596918842059601,0.670186858774498
path:rno05210,Colorectal cancer,-0.0140373556363076,0.602075313413038,0.672949995233374
path:rno04925,Aldosterone synthesis and secretion,0.0165859485436164,0.603707551993928,0.672949995233374
path:rno00220,Arginine biosynthesis,0.0223971027307755,0.644364549631022,0.715704910483029
path:rno00290,"Valine, leucine and isoleucine biosynthesis",0.0478365079783637,0.675720065905831,0.747860998208945
path:rno05203,Viral carcinogenesis,0.0116762144983134,0.691258950316608,0.760395609452718
path:rno05169,Epstein-Barr virus infection,-0.0104632636780922,0.691935554582377,0.760395609452718
path:rno04724,Glutamatergic synapse,0.0118486921862845,0.700096527244023,0.766414032732195
path:rno00232,Caffeine metabolism,0.0626298254866303,0.702340833854262,0.766414032732195
path:rno00650,Butanoate metabolism,-0.016455941908817,0.710591734256885,0.772706396342277
path:rno04142,Lysosome,0.0112528349046527,0.724086863597189,0.784637681458974
path:rno01040,Biosynthesis of unsaturated fatty acids,0.0269248696196916,0.739120464424144,0.796894057276724
path:rno04662,B cell receptor signaling pathway,-0.00860571421002351,0.740522130395413,0.796894057276724
path:rno00511,Other glycan degradation,-0.0180127567871846,0.75328085272955,0.807828776547897
path:rno04122,Sulfur relay system,-0.0256660277255302,0.756872082064071,0.808890781862289
path:rno04022,cGMP-PKG signaling pathway,0.00906246371474185,0.759689187535131,0.80912101823091
path:rno04750,Inflammatory mediator regulation of TRP channels,0.00972476438187381,0.763688112910618,0.810536800914207
path:rno04620,Toll-like receptor signaling pathway,0.00920489431392142,0.766230930767771,0.810536800914207
path:rno00603,Glycosphingolipid biosynthesis - globo and isoglobo series,-0.0164585943552205,0.774032992630267,0.81601444307801
path:rno00430,Taurine and hypotaurine metabolism,0.0275924799040056,0.788029861478076,0.827963807161086
path:rno04120,Ubiquitin mediated proteolysis,0.00850230080383201,0.79575317582446,0.833263426536724
path:rno00051,Fructose and mannose metabolism,0.00483418986878572,0.824934169857482,0.860921230958647
path:rno05418,Fluid shear stress and atherosclerosis,-0.00563130229750971,0.853865055281547,0.888133886931643
path:rno05220,Chronic myeloid leukemia,-0.00516574189314922,0.858019947066704,0.88948067845915
path:rno05221,Acute myeloid leukemia,-0.00469494594463077,0.86306533844239,0.890099843531077
path:rno04961,Endocrine and other factor-regulated calcium reabsorption,0.00654512921585105,0.864341327158795,0.890099843531077
path:rno04658,Th1 and Th2 cell differentiation,-0.00430476787388788,0.867465898540559,0.890369288601036
path:rno00250,"Alanine, aspartate and glutamate metabolism",-0.00627294377851601,0.8755772961044,0.895738615422593
path:rno04136,Autophagy - other,-0.00534063018784264,0.902453098587516,0.920206274297434
path:rno05321,Inflammatory bowel disease (IBD),0.00485383175192247,0.906011505503482,0.920815615070532
path:rno00510,N-Glycan biosynthesis,-0.00418624634795194,0.919029744902422,0.931004073826232
path:rno04072,Phospholipase D signaling pathway,0.00193546791150737,0.926378749362561,0.935401918999209
path:rno01521,EGFR tyrosine kinase inhibitor resistance,-0.00206944310128352,0.931920109983381,0.937951955355441
path:rno04918,Thyroid hormone synthesis,-0.00115314860628668,0.972708376212183,0.975809285364762
path:rno04512,ECM-receptor interaction,-0.00101924223430905,0.975809285364762,0.975809285364762
