Pathway,Description,logFC,p.value,q.value
path:rno05020,Prion diseases,0.146048509399432,0.000256646230608402,0.079816977719213
path:rno04115,p53 signaling pathway,-0.10928732051354,0.00079653395246293,0.123861029607986
path:rno00340,Histidine metabolism,-0.102992754054303,0.00221731030022965,0.229861167790473
path:rno04330,Notch signaling pathway,0.121046634229262,0.0065314353316758,0.371905212247896
path:rno03440,Homologous recombination,-0.20282459745044,0.00659684161364993,0.371905212247896
path:rno00534,Glycosaminoglycan biosynthesis - heparan sulfate / heparin,0.143406943569949,0.00794428714778032,0.371905212247896
path:rno05340,Primary immunodeficiency,0.803971289441263,0.00882903502319043,0.371905212247896
path:rno00330,Arginine and proline metabolism,-0.100671264717442,0.00956669356264683,0.371905212247896
path:rno03060,Protein export,0.144669337132738,0.0116686452322197,0.403216518580036
path:rno04975,Fat digestion and absorption,-0.168530424015265,0.0143602055364584,0.446602392183858
path:rno03430,Mismatch repair,-0.182633825136496,0.0169069257444214,0.460364844095778
path:rno04612,Antigen processing and presentation,0.263703277571939,0.0177632737271683,0.460364844095778
path:rno00600,Sphingolipid metabolism,-0.0596172879907883,0.0205922340548406,0.464207679087928
path:rno04924,Renin secretion,0.136389319646761,0.0208968087049228,0.464207679087928
path:rno04623,Cytosolic DNA-sensing pathway,-0.107582799364569,0.0262288395293695,0.503066089285403
path:rno03030,DNA replication,-0.218799700874233,0.0301663372488716,0.503066089285403
path:rno04622,RIG-I-like receptor signaling pathway,-0.0728152640866984,0.0305004586881139,0.503066089285403
path:rno05224,Breast cancer,0.0718062425198179,0.0311732473729836,0.503066089285403
path:rno03460,Fanconi anemia pathway,-0.15538308804105,0.0312427920722385,0.503066089285403
path:rno05152,Tuberculosis,0.147219604954969,0.0323515169958459,0.503066089285403
path:rno04210,Apoptosis,-0.0750629566604654,0.0401495501405116,0.590254991982314
path:rno00670,One carbon pool by folate,-0.109965956973991,0.043630319031984,0.590254991982314
path:rno05162,Measles,-0.0689199449675007,0.0451235667738457,0.590254991982314
path:rno00051,Fructose and mannose metabolism,-0.0678814501413237,0.0455502244616577,0.590254991982314
path:rno03050,Proteasome,-0.121525114853708,0.0505069180687467,0.615876442853906
path:rno00220,Arginine biosynthesis,-0.130380575010266,0.0534192645656939,0.615876442853906
path:rno04923,Regulation of lipolysis in adipocytes,0.160170290779848,0.05452248802928,0.615876442853906
path:rno05014,Amyotrophic lateral sclerosis (ALS),-0.0938175525177006,0.055448682957908,0.615876442853906
path:rno04360,Axon guidance,0.0499681966775275,0.070849757072531,0.743230378504432
path:rno04310,Wnt signaling pathway,0.0617814681911613,0.0757777376348784,0.743230378504432
path:rno04614,Renin-angiotensin system,0.19643269807779,0.076248406545953,0.743230378504432
path:rno00603,Glycosphingolipid biosynthesis - globo and isoglobo series,0.109304796863957,0.0764738653123531,0.743230378504432
path:rno00532,Glycosaminoglycan biosynthesis - chondroitin sulfate / dermatan sulfate,0.133426772964775,0.0808111901368197,0.746328783474002
path:rno04621,NOD-like receptor signaling pathway,-0.0660024480140317,0.083041875100486,0.746328783474002
path:rno05323,Rheumatoid arthritis,0.0941448973149686,0.0849410488825174,0.746328783474002
path:rno04974,Protein digestion and absorption,0.120649674248162,0.0892809858576745,0.746328783474002
path:rno00780,Biotin metabolism,0.120105923973941,0.0915937681768316,0.746328783474002
path:rno00240,Pyrimidine metabolism,-0.0688440178251171,0.095830433955741,0.746328783474002
path:rno05330,Allograft rejection,-0.108640656746299,0.102374030519816,0.746328783474002
path:rno04392,Hippo signaling pathway -multiple species,0.0776984200345958,0.104279629039454,0.746328783474002
path:rno04215,Apoptosis - multiple species,-0.0884606513990033,0.105394614192443,0.746328783474002
path:rno04064,NF-kappa B signaling pathway,0.0566148119264383,0.106244794389696,0.746328783474002
path:rno01524,Platinum drug resistance,-0.0593106184140572,0.108774135346008,0.746328783474002
path:rno00770,Pantothenate and CoA biosynthesis,-0.166304376586935,0.109168061594085,0.746328783474002
path:rno04742,Taste transduction,0.142237102688823,0.112005977509916,0.746328783474002
path:rno00591,Linoleic acid metabolism,-0.190270136489585,0.112334491650933,0.746328783474002
path:rno03410,Base excision repair,-0.0930178909402435,0.112789237373885,0.746328783474002
path:rno05416,Viral myocarditis,-0.0818649663567289,0.115299568695456,0.74704512217264
path:rno00564,Glycerophospholipid metabolism,-0.0662036006543313,0.12203909945854,0.76831349316639
path:rno04024,cAMP signaling pathway,-0.0542829588981268,0.123523069640899,0.76831349316639
path:rno04145,Phagosome,-0.0610970214920269,0.133927347069782,0.802899773638007
path:rno05217,Basal cell carcinoma,0.0652980641304175,0.13680270799954,0.802899773638007
path:rno04512,ECM-receptor interaction,0.069523766596632,0.136828578787184,0.802899773638007
path:rno03420,Nucleotide excision repair,-0.0751350790882239,0.145481211707436,0.824290047876678
path:rno00270,Cysteine and methionine metabolism,-0.0649269238875531,0.159476350499357,0.824290047876678
path:rno01523,Antifolate resistance,-0.0635262231787254,0.165668371139859,0.824290047876678
path:rno05320,Autoimmune thyroid disease,-0.0941665744829674,0.1682993913255,0.824290047876678
path:rno04657,IL-17 signaling pathway,-0.0639967598131031,0.168492727695455,0.824290047876678
path:rno05134,Legionellosis,-0.0845333693252409,0.174243694043925,0.824290047876678
path:rno04152,AMPK signaling pathway,-0.0403345992447749,0.174841156291706,0.824290047876678
path:rno05160,Hepatitis C,-0.0455550802644086,0.177612695915751,0.824290047876678
path:rno00590,Arachidonic acid metabolism,-0.104136277459428,0.182327958359681,0.824290047876678
path:rno00790,Folate biosynthesis,-0.116748429086242,0.182529116226859,0.824290047876678
path:rno04727,GABAergic synapse,0.0471521899909103,0.185799069482329,0.824290047876678
path:rno04110,Cell cycle,-0.0787498324137143,0.187347836137834,0.824290047876678
path:rno00561,Glycerolipid metabolism,0.0715252301220651,0.193631798154783,0.824290047876678
path:rno04930,Type II diabetes mellitus,0.0562628212031266,0.195109776628417,0.824290047876678
path:rno00970,Aminoacyl-tRNA biosynthesis,-0.0789555258571508,0.19636497725114,0.824290047876678
path:rno05164,Influenza A,-0.04832247723289,0.196609488738598,0.824290047876678
path:rno05032,Morphine addiction,0.0546199278989746,0.199421515692397,0.824290047876678
path:rno05161,Hepatitis B,-0.0468734663489379,0.200163867739098,0.824290047876678
path:rno04730,Long-term depression,0.049145050285375,0.200651475276591,0.824290047876678
path:rno05332,Graft-versus-host disease,-0.0895551674766267,0.201612447736224,0.824290047876678
path:rno00620,Pyruvate metabolism,-0.080759169426579,0.202014323159958,0.824290047876678
path:rno05033,Nicotine addiction,0.0944193154075816,0.207260192632818,0.824290047876678
path:rno05168,Herpes simplex infection,-0.0353629595968443,0.207784829823038,0.824290047876678
path:rno00515,Mannose type O-glycan biosynthesis,0.059789671042508,0.212389677963405,0.824290047876678
path:rno00604,Glycosphingolipid biosynthesis - ganglio series,0.0774096987960764,0.213704671965967,0.824290047876678
path:rno05215,Prostate cancer,-0.0412187275117783,0.214069769543527,0.824290047876678
path:rno04066,HIF-1 signaling pathway,0.0428115110354738,0.214739874841206,0.824290047876678
path:rno05216,Thyroid cancer,0.0349830937902463,0.216091689924846,0.824290047876678
path:rno04940,Type I diabetes mellitus,-0.0717181741364537,0.218716992724643,0.824290047876678
path:rno00592,alpha-Linolenic acid metabolism,-0.147345398804992,0.223716089034351,0.824290047876678
path:rno04340,Hedgehog signaling pathway,0.0512177849745919,0.230929549031567,0.824290047876678
path:rno00980,Metabolism of xenobiotics by cytochrome P450,-0.0867825514783483,0.232267420983954,0.824290047876678
path:rno00030,Pentose phosphate pathway,-0.0649398025811978,0.232340756447617,0.824290047876678
path:rno00450,Selenocompound metabolism,-0.0713091323240541,0.234911859650642,0.824290047876678
path:rno04122,Sulfur relay system,-0.103393220973516,0.23740404132514,0.824290047876678
path:rno01230,Biosynthesis of amino acids,-0.0411381885504591,0.239138120920592,0.824290047876678
path:rno04740,Olfactory transduction,0.064788423719878,0.242171739315085,0.824290047876678
path:rno00750,Vitamin B6 metabolism,0.108166950834276,0.245060739216077,0.824290047876678
path:rno00140,Steroid hormone biosynthesis,-0.113579666224049,0.245623910160654,0.824290047876678
path:rno00430,Taurine and hypotaurine metabolism,-0.170475488053225,0.246491879268589,0.824290047876678
path:rno04390,Hippo signaling pathway,0.0304624133763044,0.251126258652979,0.825184225992678
path:rno05169,Epstein-Barr virus infection,-0.0361719824378582,0.25400415635499,0.825184225992678
path:rno05145,Toxoplasmosis,-0.044017886993197,0.254719246608672,0.825184225992678
path:rno04914,Progesterone-mediated oocyte maturation,-0.0565417999867408,0.261897936788446,0.835322651067915
path:rno04213,Longevity regulating pathway - multiple species,-0.0277263932953228,0.2632206424587,0.835322651067915
path:rno04920,Adipocytokine signaling pathway,-0.0350151993045881,0.280852316823177,0.882273439717253
path:rno04140,Autophagy - animal,0.0229299362947909,0.301763401353697,0.938484178209996
path:rno00471,D-Glutamine and D-glutamate metabolism,-0.0594387797960158,0.318447625347091,0.947042274553976
path:rno00740,Riboflavin metabolism,-0.0916533905294095,0.332066871316212,0.947042274553976
path:rno04211,Longevity regulating pathway,-0.0263517273253449,0.337383992260429,0.947042274553976
path:rno04514,Cell adhesion molecules (CAMs),0.0544491144788661,0.339744007555426,0.947042274553976
path:rno04666,Fc gamma R-mediated phagocytosis,-0.0360934550161019,0.340148108162304,0.947042274553976
path:rno04071,Sphingolipid signaling pathway,-0.0261977297401948,0.340486916450547,0.947042274553976
path:rno04726,Serotonergic synapse,-0.0320003663589255,0.3444426570326,0.947042274553976
path:rno04917,Prolactin signaling pathway,-0.0316263195694874,0.349752621200481,0.947042274553976
path:rno04610,Complement and coagulation cascades,0.078990258993383,0.353231333135159,0.947042274553976
path:rno04370,VEGF signaling pathway,-0.037645970853363,0.354336761784092,0.947042274553976
path:rno05204,Chemical carcinogenesis,-0.0703369006325993,0.356691779186594,0.947042274553976
path:rno04916,Melanogenesis,0.0397162697782407,0.357490469599785,0.947042274553976
path:rno00920,Sulfur metabolism,-0.0512971280563995,0.358215004484778,0.947042274553976
path:rno04964,Proximal tubule bicarbonate reclamation,0.107610575035154,0.358230059100554,0.947042274553976
path:rno00511,Other glycan degradation,-0.0537748723533868,0.358493240306949,0.947042274553976
path:rno00010,Glycolysis / Gluconeogenesis,-0.0397035116387029,0.367833063109921,0.947042274553976
path:rno04530,Tight junction,-0.0295251922252252,0.368961880380231,0.947042274553976
path:rno04320,Dorso-ventral axis formation,0.0618206742819039,0.370065119217721,0.947042274553976
path:rno05221,Acute myeloid leukemia,0.0245550863774656,0.370374272685957,0.947042274553976
path:rno04146,Peroxisome,-0.0459082083973666,0.37206614326846,0.947042274553976
path:rno05219,Bladder cancer,-0.0369740677953399,0.376312195589411,0.947042274553976
path:rno04141,Protein processing in endoplasmic reticulum,0.0285293688543759,0.385149956731802,0.947042274553976
path:rno05133,Pertussis,-0.0396485928714608,0.389958923431987,0.947042274553976
path:rno00500,Starch and sucrose metabolism,-0.0533024703953707,0.39060676394321,0.947042274553976
path:rno04722,Neurotrophin signaling pathway,0.0218639215944967,0.393981366616143,0.947042274553976
path:rno00514,Other types of O-glycan biosynthesis,0.0572719179099443,0.39737970600198,0.947042274553976
path:rno04744,Phototransduction,-0.125535238100444,0.39751533253734,0.947042274553976
path:rno05223,Non-small cell lung cancer,0.023624450059085,0.397997214023427,0.947042274553976
path:rno01040,Biosynthesis of unsaturated fatty acids,-0.0928716900436758,0.401013964028141,0.947042274553976
path:rno05132,Salmonella infection,-0.0291650006767419,0.401915387725327,0.947042274553976
path:rno03008,Ribosome biogenesis in eukaryotes,-0.0329470224292318,0.402970818046862,0.947042274553976
path:rno05200,Pathways in cancer,0.0191265199244847,0.404056165581994,0.947042274553976
path:rno00480,Glutathione metabolism,-0.0540525028575137,0.405005217092215,0.947042274553976
path:rno04713,Circadian entrainment,0.0417481629005892,0.412175098465487,0.952637683646688
path:rno04931,Insulin resistance,-0.0291739519153212,0.416831598718788,0.952637683646688
path:rno00910,Nitrogen metabolism,0.0965649660264944,0.418638990336969,0.952637683646688
path:rno04976,Bile secretion,0.0505641516100413,0.420129452773988,0.952637683646688
path:rno04915,Estrogen signaling pathway,-0.0301986647561392,0.423136709552438,0.952637683646688
path:rno04977,Vitamin digestion and absorption,-0.0948828496597031,0.428178162733414,0.952637683646688
path:rno05414,Dilated cardiomyopathy,-0.0338848454033747,0.428840114824876,0.952637683646688
path:rno05016,Huntington's disease,-0.0347994929486488,0.433865833886267,0.954630313235365
path:rno01200,Carbon metabolism,-0.0298677439407304,0.438864650245876,0.954630313235365
path:rno00565,Ether lipid metabolism,-0.0601545628359491,0.438945771037483,0.954630313235365
path:rno05206,MicroRNAs in cancer,0.028417192941501,0.447020494904649,0.960675477689882
path:rno04710,Circadian rhythm,0.0459657813060465,0.448663018881581,0.960675477689882
path:rno00512,Mucin type O-glycan biosynthesis,0.036994613798998,0.451518347602139,0.960675477689882
path:rno00232,Caffeine metabolism,0.168816748753216,0.454146328860533,0.960675477689882
path:rno04014,Ras signaling pathway,0.0187233178926625,0.457862779540444,0.960675477689882
path:rno04350,TGF-beta signaling pathway,-0.0330576677971037,0.46259661252305,0.960675477689882
path:rno04750,Inflammatory mediator regulation of TRP channels,0.0300658933975615,0.463348301136599,0.960675477689882
path:rno04933,AGE-RAGE signaling pathway in diabetic complications,0.0222232391615488,0.482377153477848,0.982411418866329
path:rno00440,Phosphonate and phosphinate metabolism,-0.0555561179117958,0.484822493438043,0.982411418866329
path:rno00250,"Alanine, aspartate and glutamate metabolism",0.0320171377207049,0.485549739668252,0.982411418866329
path:rno05410,Hypertrophic cardiomyopathy (HCM),-0.0298782652373285,0.503487514543434,0.982411418866329
path:rno03450,Non-homologous end-joining,-0.0402114891573549,0.503895867957391,0.982411418866329
path:rno01521,EGFR tyrosine kinase inhibitor resistance,0.022733952341034,0.506128278606976,0.982411418866329
path:rno04950,Maturity onset diabetes of the young,-0.135408351370457,0.507706480854623,0.982411418866329
path:rno01212,Fatty acid metabolism,-0.043712996785663,0.518568382830562,0.982411418866329
path:rno04961,Endocrine and other factor-regulated calcium reabsorption,0.034270385847803,0.53093722855179,0.982411418866329
path:rno00260,"Glycine, serine and threonine metabolism",-0.0528111722628207,0.53159094259674,0.982411418866329
path:rno03020,RNA polymerase,-0.0256079406074196,0.533238466380097,0.982411418866329
path:rno00410,beta-Alanine metabolism,-0.0811542582067706,0.53894640831223,0.982411418866329
path:rno00400,"Phenylalanine, tyrosine and tryptophan biosynthesis",0.0699789886778052,0.539172364474629,0.982411418866329
path:rno01210,2-Oxocarboxylic acid metabolism,-0.0329695009671994,0.543210781239326,0.982411418866329
path:rno04540,Gap junction,-0.03161830631315,0.5447277772062,0.982411418866329
path:rno01100,Metabolic pathways,-0.0175720234304543,0.547170608163001,0.982411418866329
path:rno04510,Focal adhesion,0.019053510340675,0.549952689619259,0.982411418866329
path:rno02010,ABC transporters,-0.037720458962329,0.552714445048435,0.982411418866329
path:rno05012,Parkinson's disease,-0.0299413093408616,0.553250799677,0.982411418866329
path:rno05222,Small cell lung cancer,-0.0223001980842549,0.553862891586535,0.982411418866329
path:rno05202,Transcriptional misregulation in cancer,0.0245946802757212,0.556277819366306,0.982411418866329
path:rno05213,Endometrial cancer,0.0136834351715298,0.556450861608993,0.982411418866329
path:rno00860,Porphyrin and chlorophyll metabolism,0.0204987204704889,0.560925732977333,0.982411418866329
path:rno05203,Viral carcinogenesis,-0.0227782875047131,0.56875372902154,0.982411418866329
path:rno04668,TNF signaling pathway,-0.0256812079714671,0.574488025424099,0.982411418866329
path:rno04015,Rap1 signaling pathway,0.0145237240901952,0.578731148760117,0.982411418866329
path:rno04910,Insulin signaling pathway,-0.0157028097981915,0.58306378132604,0.982411418866329
path:rno03013,RNA transport,-0.0200476529563851,0.590133834789354,0.982411418866329
path:rno00520,Amino sugar and nucleotide sugar metabolism,-0.0199813251958747,0.59691540762899,0.982411418866329
path:rno04971,Gastric acid secretion,0.0275708256275983,0.602048152152927,0.982411418866329
path:rno04670,Leukocyte transendothelial migration,-0.0232439245106319,0.605109803218598,0.982411418866329
path:rno00280,"Valine, leucine and isoleucine degradation",0.0404607119693356,0.60799422134572,0.982411418866329
path:rno04640,Hematopoietic cell lineage,-0.0388528246926485,0.613710344794763,0.982411418866329
path:rno00310,Lysine degradation,0.0444686074087944,0.614725080488062,0.982411418866329
path:rno05231,Choline metabolism in cancer,-0.0194677400413914,0.616801711146035,0.982411418866329
path:rno04150,mTOR signaling pathway,0.0153133983179921,0.619815157011091,0.982411418866329
path:rno04922,Glucagon signaling pathway,-0.0167805780454695,0.624980104882352,0.982411418866329
path:rno00071,Fatty acid degradation,-0.0417464021277429,0.62878866079078,0.982411418866329
path:rno03040,Spliceosome,-0.0311172987763987,0.62962261436067,0.982411418866329
path:rno04550,Signaling pathways regulating pluripotency of stem cells,0.0174237683202911,0.62985709038078,0.982411418866329
path:rno04371,Apelin signaling pathway,0.0158432877243667,0.631485529132229,0.982411418866329
path:rno04724,Glutamatergic synapse,0.0193550453098609,0.632793284950754,0.982411418866329
path:rno04925,Aldosterone synthesis and secretion,-0.0205558729781206,0.634741142318686,0.982411418866329
path:rno05212,Pancreatic cancer,-0.0139747726025479,0.641069429854307,0.982411418866329
path:rno04918,Thyroid hormone synthesis,0.0245914180540153,0.648127994012583,0.982411418866329
path:rno00230,Purine metabolism,-0.0171910680861602,0.648542358242926,0.982411418866329
path:rno04151,PI3K-Akt signaling pathway,0.0118553876220512,0.650995259895242,0.982411418866329
path:rno04120,Ubiquitin mediated proteolysis,0.0147020971192291,0.657083278869993,0.982411418866329
path:rno05010,Alzheimer's disease,-0.0201548732305435,0.66144178995482,0.982411418866329
path:rno01522,Endocrine resistance,0.0113706010651074,0.663200775968108,0.982411418866329
path:rno04270,Vascular smooth muscle contraction,0.0157462594968832,0.664368269501752,0.982411418866329
path:rno04720,Long-term potentiation,0.0215227265262191,0.66976909327508,0.982411418866329
path:rno05230,Central carbon metabolism in cancer,0.0121648092515639,0.67498338964153,0.982411418866329
path:rno04658,Th1 and Th2 cell differentiation,0.0136974602422045,0.675731912410385,0.982411418866329
path:rno00785,Lipoic acid metabolism,-0.0603682911074636,0.679838074849759,0.982411418866329
path:rno04650,Natural killer cell mediated cytotoxicity,-0.0145714245355717,0.69553977298271,0.982411418866329
path:rno05146,Amoebiasis,0.0172207727393908,0.697179636292481,0.982411418866329
path:rno05205,Proteoglycans in cancer,0.0122922824477337,0.698298141765509,0.982411418866329
path:rno04932,Non-alcoholic fatty liver disease (NAFLD),-0.0153611300627371,0.711854488602701,0.982411418866329
path:rno00120,Primary bile acid biosynthesis,-0.0457276076340589,0.714581938112297,0.982411418866329
path:rno00760,Nicotinate and nicotinamide metabolism,-0.0183734877288336,0.720732538981513,0.982411418866329
path:rno05418,Fluid shear stress and atherosclerosis,-0.017891720656008,0.723552415926852,0.982411418866329
path:rno00130,Ubiquinone and other terpenoid-quinone biosynthesis,-0.0195147561651535,0.726011517793649,0.982411418866329
path:rno00640,Propanoate metabolism,0.0375858077297892,0.741980325573464,0.982411418866329
path:rno04664,Fc epsilon RI signaling pathway,-0.0113459381575861,0.744527742020174,0.982411418866329
path:rno05214,Glioma,0.010201006104461,0.74505880070969,0.982411418866329
path:rno05218,Melanoma,0.0092868908758264,0.745579579174934,0.982411418866329
path:rno03320,PPAR signaling pathway,-0.0134411018652632,0.746337766704381,0.982411418866329
path:rno00190,Oxidative phosphorylation,-0.0190453030429738,0.748753991072154,0.982411418866329
path:rno00062,Fatty acid elongation,-0.033890301934665,0.751221542509679,0.982411418866329
path:rno04723,Retrograde endocannabinoid signaling,0.0117658373975206,0.755673551018751,0.982411418866329
path:rno00562,Inositol phosphate metabolism,-0.0088398837332669,0.760126138145988,0.982411418866329
path:rno04721,Synaptic vesicle cycle,-0.0115552505088336,0.760301974804866,0.982411418866329
path:rno04921,Oxytocin signaling pathway,-0.0106854924864315,0.761330853777371,0.982411418866329
path:rno00563,Glycosylphosphatidylinositol (GPI)-anchor biosynthesis,-0.02769697594931,0.762567442056207,0.982411418866329
path:rno05322,Systemic lupus erythematosus,0.0335696987460199,0.76693492914154,0.982411418866329
path:rno00020,Citrate cycle (TCA cycle),-0.0138810585491543,0.769270246408899,0.982411418866329
path:rno00100,Steroid biosynthesis,-0.0606037162316071,0.771139553916289,0.982411418866329
path:rno04962,Vasopressin-regulated water reabsorption,0.0122455193387748,0.772154959271369,0.982411418866329
path:rno00531,Glycosaminoglycan degradation,0.0137151891651363,0.773746904219095,0.982411418866329
path:rno04659,Th17 cell differentiation,0.0096757859621957,0.779603345678422,0.982411418866329
path:rno00983,Drug metabolism - other enzymes,-0.0252762364359968,0.78657330805614,0.982411418866329
path:rno04068,FoxO signaling pathway,0.00620458567525855,0.790279901351189,0.982411418866329
path:rno05030,Cocaine addiction,0.0150809085717024,0.790656118397159,0.982411418866329
path:rno05140,Leishmaniasis,-0.0101035865410034,0.793478433069418,0.982411418866329
path:rno04114,Oocyte meiosis,-0.0108981111220482,0.7959507879614,0.982411418866329
path:rno05166,HTLV-I infection,-0.00925206293286317,0.798728711340492,0.982411418866329
path:rno00040,Pentose and glucuronate interconversions,-0.0175026418802429,0.799309930659384,0.982411418866329
path:rno00380,Tryptophan metabolism,0.0379024855411536,0.800130931784904,0.982411418866329
path:rno05220,Chronic myeloid leukemia,-0.00741757863203035,0.800395047869184,0.982411418866329
path:rno04136,Autophagy - other,-0.0105254660377961,0.80566332273676,0.982411418866329
path:rno04520,Adherens junction,0.00818756210211136,0.808423773777154,0.982411418866329
path:rno03010,Ribosome,0.0204009513076002,0.817594781396503,0.982411418866329
path:rno04919,Thyroid hormone signaling pathway,0.00793151569418474,0.820304373229883,0.982411418866329
path:rno03022,Basal transcription factors,-0.0101297469983999,0.821795406400907,0.982411418866329
path:rno04662,B cell receptor signaling pathway,-0.00776966977006256,0.82537833917674,0.982411418866329
path:rno05034,Alcoholism,0.0148767261687527,0.826695061085265,0.982411418866329
path:rno00900,Terpenoid backbone biosynthesis,-0.0285144480685472,0.828894716419132,0.982411418866329
path:rno05310,Asthma,0.0286018218282083,0.830397162255594,0.982411418866329
path:rno00300,Lysine biosynthesis,0.0498332556909045,0.837463188790523,0.982411418866329
path:rno04020,Calcium signaling pathway,-0.00953078827675069,0.841231640821675,0.982411418866329
path:rno05150,Staphylococcus aureus infection,-0.0143689938026957,0.842285579827436,0.982411418866329
path:rno05142,Chagas disease (American trypanosomiasis),-0.00760679151193299,0.843941528720963,0.982411418866329
path:rno05143,African trypanosomiasis,0.0195664638548428,0.845158919470854,0.982411418866329
path:rno04072,Phospholipase D signaling pathway,0.00467869925023277,0.846047536102991,0.982411418866329
path:rno04966,Collecting duct acid secretion,0.0186422868290007,0.84702111981895,0.982411418866329
path:rno04130,SNARE interactions in vesicular transport,0.00980611566436853,0.855066369280273,0.982411418866329
path:rno04973,Carbohydrate digestion and absorption,0.0104012543754594,0.857460442822061,0.982411418866329
path:rno03018,RNA degradation,0.00664992897145217,0.859541081518869,0.982411418866329
path:rno04142,Lysosome,0.00673944581954614,0.861379585490059,0.982411418866329
path:rno05210,Colorectal cancer,-0.00516860730965959,0.869910228601079,0.982411418866329
path:rno00630,Glyoxylate and dicarboxylate metabolism,-0.00645727327012433,0.872554281883406,0.982411418866329
path:rno05211,Renal cell carcinoma,0.00445213024781456,0.872861531384249,0.982411418866329
path:rno04070,Phosphatidylinositol signaling system,-0.00507809188612067,0.875547845653997,0.982411418866329
path:rno05144,Malaria,0.0118513809638555,0.876285601421319,0.982411418866329
path:rno04080,Neuroactive ligand-receptor interaction,0.00850223538858098,0.881946105292017,0.982411418866329
path:rno00533,Glycosaminoglycan biosynthesis - keratan sulfate,-0.0085523311526934,0.883615088784677,0.982411418866329
path:rno04810,Regulation of actin cytoskeleton,0.00373549295844717,0.884311486087066,0.982411418866329
path:rno04216,Ferroptosis,-0.00590538726078924,0.887651729267288,0.982411418866329
path:rno04660,T cell receptor signaling pathway,-0.00607314351978094,0.894013676737234,0.982411418866329
path:rno05412,Arrhythmogenic right ventricular cardiomyopathy (ARVC),-0.00589230144292738,0.895634784978436,0.982411418866329
path:rno00072,Synthesis and degradation of ketone bodies,0.0148276025156361,0.896982517708214,0.982411418866329
path:rno00830,Retinol metabolism,-0.0120552118067634,0.900263880182612,0.982411418866329
path:rno04725,Cholinergic synapse,0.0052938393279332,0.901286495686496,0.982411418866329
path:rno00601,Glycosphingolipid biosynthesis - lacto and neolacto series,0.00916894071054548,0.901563761216322,0.982411418866329
path:rno04970,Salivary secretion,0.00681446161753974,0.907281967955718,0.982411418866329
path:rno00360,Phenylalanine metabolism,-0.00735446103430591,0.908954119392811,0.982411418866329
path:rno04611,Platelet activation,0.00351224938944634,0.911198421393242,0.982411418866329
path:rno04972,Pancreatic secretion,0.00634252851668558,0.913552969142271,0.982411418866329
path:rno04261,Adrenergic signaling in cardiomyocytes,-0.00326595960879197,0.9163563835814,0.982411418866329
path:rno04912,GnRH signaling pathway,-0.00241919669601786,0.916955888659298,0.982411418866329
path:rno04380,Osteoclast differentiation,0.00388320774747897,0.91721378142567,0.982411418866329
path:rno04062,Chemokine signaling pathway,-0.00398642235182532,0.919442995562515,0.982411418866329
path:rno04010,MAPK signaling pathway,0.0033006059369175,0.921001191012145,0.982411418866329
path:rno00730,Thiamine metabolism,-0.00784168227513181,0.922159467672871,0.982411418866329
path:rno00290,"Valine, leucine and isoleucine biosynthesis",0.0163039482003744,0.923487725452599,0.982411418866329
path:rno04728,Dopaminergic synapse,-0.003050433836291,0.92553219747642,0.982411418866329
path:rno04137,Mitophagy - animal,-0.00336322476395888,0.926737701103658,0.982411418866329
path:rno04960,Aldosterone-regulated sodium reabsorption,0.00544384847341608,0.929257842084845,0.982411418866329
path:rno00982,Drug metabolism - cytochrome P450,-0.00641845095566187,0.933814851113401,0.982411418866329
path:rno00061,Fatty acid biosynthesis,-0.00891086321687143,0.933858273184477,0.982411418866329
path:rno05100,Bacterial invasion of epithelial cells,-0.00378618704255451,0.934749988770127,0.982411418866329
path:rno04672,Intestinal immune network for IgA production,-0.00779834512424238,0.940700066027441,0.982411418866329
path:rno04978,Mineral absorption,0.00507143357304815,0.941380450830471,0.982411418866329
path:rno00052,Galactose metabolism,0.00281919055171779,0.941782072046774,0.982411418866329
path:rno04060,Cytokine-cytokine receptor interaction,0.00329373082842817,0.94299702076123,0.982411418866329
path:rno04630,Jak-STAT signaling pathway,-0.00363153532741418,0.943563092369697,0.982411418866329
path:rno00053,Ascorbate and aldarate metabolism,-0.00627713058876834,0.944307685374958,0.982411418866329
path:rno03015,mRNA surveillance pathway,-0.00203402579961301,0.949836521886605,0.982411418866329
path:rno05031,Amphetamine addiction,0.00431501142850829,0.950164290332419,0.982411418866329
path:rno00350,Tyrosine metabolism,0.00340277160894536,0.95082262726291,0.982411418866329
path:rno04012,ErbB signaling pathway,-0.00158578248458928,0.959618397839341,0.984918157005573
path:rno00650,Butanoate metabolism,0.00703405598324464,0.962321371332959,0.984918157005573
path:rno04911,Insulin secretion,-0.00172470996599281,0.964355288899086,0.984918157005573
path:rno04144,Endocytosis,0.00209103738830357,0.969406277635134,0.984918157005573
path:rno05321,Inflammatory bowel disease (IBD),0.00217190497896611,0.971029658087241,0.984918157005573
path:rno04620,Toll-like receptor signaling pathway,-0.00115741366899902,0.973472515287511,0.984918157005573
path:rno04260,Cardiac muscle contraction,-0.00182443304399514,0.975417338770793,0.984918157005573
path:rno04913,Ovarian steroidogenesis,0.000956810970206488,0.988762988244753,0.995162748686466
path:rno04022,cGMP-PKG signaling pathway,-3.21525483057539e-05,0.997426384913653,0.999923432755478
path:rno00510,N-Glycan biosynthesis,-6.08628941006662e-05,0.999923432755478,0.999923432755478
