Pathway,logFC,p.value,q.value
axonemal basal plate,-0.648058779299437,4.19642736604331e-06,0.000267787478850855
platelet-derived growth factor receptor-beta signaling pathway,0.206915533942559,1.91912277827262e-05,0.00061232687423282
Wnt-activated receptor activity,0.150693963912879,2.97123240615006e-05,0.000632012873268664
ciliary tip,-0.177368447743531,0.000612558010627984,0.00977232244285376
"positive regulation of Wnt signaling pathway, planar cell polarity pathway",0.161081090100384,0.00198360002005525,0.0253159748560088
canonical Wnt signaling pathway involved in osteoblast differentiation,0.247193152830457,0.00617583792055222,0.0519811885499752
canonical Wnt signaling pathway involved in positive regulation of cardiac outflow tract cell proliferation,0.122713833832453,0.00619623549141321,0.0519811885499752
canonical Wnt signaling pathway involved in positive regulation of epithelial to mesenchymal transition,0.171761418433056,0.00679403653738816,0.0519811885499752
Wnt signaling pathway,0.0873037867951681,0.00733125218467955,0.0519811885499752
planar cell polarity pathway involved in neural tube closure,0.208911097782743,0.00829499267998282,0.0529330066530685
Wnt signaling pathway involved in dorsal/ventral axis specification,0.117824790198079,0.00997986285801378,0.0578951847479946
"altered Wnt signaling, canonical pathway",0.154081422359271,0.0121062175849623,0.0643780451543482
"regulation of Wnt signaling pathway, planar cell polarity pathway",0.385499834629239,0.0138356149718307,0.067914994726556
protein localization to ciliary transition zone,-0.126315196289263,0.0180318429450825,0.0772697160953006
positive regulation of metanephric mesenchymal cell migration by platelet-derived growth factor receptor-beta signaling pathway,0.245625915967635,0.0181631019071646,0.0772697160953006
negative regulation of Wnt signaling pathway,0.128994380469649,0.0216476113900379,0.0863377161634738
canonical Wnt signaling pathway involved in mesenchymal stem cell differentiation,0.259453769813198,0.0252687233929251,0.0948516600226273
smoothened binding,0.169259568574723,0.0325511583848412,0.115399651989771
planar cell polarity pathway involved in axon guidance,0.12334740053227,0.0440452684801282,0.147929986162234
canonical Wnt signaling pathway,0.0857075301389911,0.049650603769893,0.158418207289247
non-canonical Wnt signaling pathway via JNK cascade,0.131322892464889,0.0531629999783223,0.161547685919026
axoneme,-0.0845097622230701,0.0651460542548947,0.16510895490253
regulation of canonical Wnt signaling pathway,0.0629139761012632,0.0653320611677054,0.16510895490253
smoothened signaling pathway involved in spinal cord motor neuron cell fate specification,-0.196208184889608,0.0668428123451521,0.16510895490253
smoothened signaling pathway involved in ventral spinal cord interneuron specification,-0.196208184889608,0.0668428123451521,0.16510895490253
positive regulation of cell proliferation by VEGF-activated platelet derived growth factor receptor signaling pathway,0.247258231697359,0.0679358817344226,0.16510895490253
positive regulation of smoothened signaling pathway,0.130686559011133,0.0698592367799895,0.16510895490253
intraciliary transport particle B,-0.0848898811654471,0.0793571849941441,0.180233885655446
planar cell polarity pathway involved in axis elongation,0.262727577264993,0.0819075409561934,0.180233885655446
"Wnt signaling pathway, planar cell polarity pathway",0.0994591971119478,0.0984306125197926,0.202138633632618
positive regulation of non-canonical Wnt signaling pathway,0.346071394054068,0.098658667740307,0.202138633632618
TORC1 complex,-0.077455168254926,0.101365168833211,0.202138633632618
"Wnt signaling, the planar cell polarity pathway",0.0658545597424861,0.115835307687151,0.211474042809433
"Wnt signaling, canonical pathway",0.0766698487612979,0.117457979038776,0.211474042809433
"Wnt signaling pathway, calcium modulating pathway",0.140302719976778,0.117656932111781,0.211474042809433
canonical Wnt signaling pathway involved in negative regulation of apoptotic process,0.0831489042553585,0.120971399185456,0.211474042809433
ciliary pocket membrane,-0.0997901008391088,0.122616308192141,0.211474042809433
"Wnt signaling, non-canonical pathway",0.0626104665041101,0.130510757745178,0.219166044997288
basal cell carcinoma pathway,0.0641470372578729,0.160623412260162,0.258940098924643
non-motile cilium assembly,-0.0552179884581037,0.165493420833998,0.258940098924643
negative regulation of smoothened signaling pathway involved in ventral spinal cord patterning,0.107889332900286,0.166671725020955,0.258940098924643
positive regulation of canonical Wnt signaling pathway,0.0582271532808147,0.17042686059171,0.258940098924643
platelet-derived growth factor receptor signaling pathway,0.0442361962282767,0.197826842566012,0.293580577104902
positive regulation of Wnt signaling pathway,0.077926769118148,0.231142412582219,0.33522586607488
canonical Wnt signaling pathway involved in metanephric kidney development,0.0996960571132812,0.242025034464234,0.337722723702847
planar cell polarity pathway involved in gastrula mediolateral intercalation,0.249375127075175,0.252310057221117,0.337722723702847
ciliary membrane,0.0679380473729428,0.252505512724549,0.337722723702847
ciliary receptor clustering involved in smoothened signaling pathway,-0.0816431738887546,0.254033484038254,0.337722723702847
intraciliary transport particle A,-0.0571115481593246,0.276182629840778,0.359675483969798
regulation of Wnt signaling pathway,0.102034026479501,0.286735072709453,0.365949678244418
negative regulation of non-canonical Wnt signaling pathway,0.0526210350550945,0.297020730299084,0.371644013456431
negative regulation of smoothened signaling pathway involved in dorsal/ventral neural tube patterning,0.0441927040157311,0.317720220737211,0.389898952085263
ciliary basal body organization,-0.0880382648982963,0.330917356163447,0.398432019129972
negative regulation of canonical Wnt signaling pathway,0.0354852481604531,0.404083272870448,0.477515715547756
negative regulation of platelet-derived growth factor receptor signaling pathway,0.0342980635593107,0.418893098751761,0.482346175520981
regulation of smoothened signaling pathway,-0.0506537748488512,0.423288344827488,0.482346175520981
intraciliary anterograde transport,0.0529020536395064,0.458699412989169,0.513527711811065
intraciliary retrograde transport,-0.0284895398120226,0.500436545910504,0.548997540666011
receptor localization to non-motile cilium,0.104692433340996,0.507588594105412,0.548997540666011
protein localization to ciliary membrane,0.0586079633312797,0.536226998892507,0.56494639662907
mTOR signaling pathway,0.015377923221887,0.553801904045303,0.56494639662907
BBSome,0.0319676749473458,0.563891543954192,0.56494639662907
photoreceptor outer segment membrane,-0.0316501287151857,0.574046029705445,0.56494639662907
altered Hedgehog signaling pathway,0.0509822429445855,0.590055672093708,0.56494639662907
intraciliary transport,0.0239861777656231,0.590531096715191,0.56494639662907
Hedgehog signaling pathway,0.0199217418155328,0.591704852587832,0.56494639662907
ciliary basal body,-0.0197242510226247,0.597611270583138,0.56494639662907
patched binding,0.0524994030745204,0.60201262581358,0.56494639662907
hedgehog receptor activity,0.0547354822089795,0.659643941748683,0.610057883133986
adenosine monophosphate-activated protein kinase (AMPK) signaling pathway,-0.0143206908010779,0.672422354383181,0.612991791406356
smoothened signaling pathway involved in dorsal/ventral neural tube patterning,0.0248367588133507,0.693835899882192,0.623604117780627
negative regulation of smoothened signaling pathway,0.0185834680535522,0.71144321929078,0.630548220020273
negative regulation of non-motile cilium assembly,-0.0317931585816924,0.747611476737186,0.645819543126485
positive regulation of non-motile cilium assembly,0.0124040173560328,0.748914685551871,0.645819543126485
non-canonical Wnt signaling pathway,0.0243703515845222,0.759606592867038,0.646305747497922
positive regulation of platelet-derived growth factor receptor signaling pathway,0.0279277752607499,0.777829405773426,0.649834931451435
canonical Wnt signaling pathway involved in positive regulation of apoptotic process,0.0172036541248526,0.784121247237185,0.649834931451435
negative regulation of platelet-derived growth factor receptor-alpha signaling pathway,0.0187197569666759,0.811674179518095,0.655851288549235
intraciliary transport involved in cilium assembly,-0.0129716328925099,0.814776580699734,0.655851288549235
intraciliary transport particle,0.015202880858121,0.822213886066164,0.655851288549235
positive regulation of hh target transcription factor activity,0.04328128357401,0.838596845025211,0.660661138257822
kinociliary basal body,-0.0154175851341792,0.867917507679872,0.668129760521903
TORC2 complex,0.00989692840269695,0.874157778759742,0.668129760521903
photoreceptor outer segment,-0.0068356995287649,0.889384489111988,0.668129760521903
axonemal microtubule,-0.0119103969593372,0.88995733470462,0.668129760521903
smoothened signaling pathway involved in regulation of cerebellar granule cell precursor cell proliferation,-0.0220079639187316,0.903923894811069,0.669898272406014
negative regulation of platelet-derived growth factor receptor-beta signaling pathway,-0.00912966687342285,0.916590366587691,0.669898272406014
positive regulation of platelet-derived growth factor receptor-beta signaling pathway,0.00896650149762649,0.923806415546702,0.669898272406014
photoreceptor connecting cilium,-0.00162296983593684,0.975460520683057,0.697565696020097
smoothened signaling pathway,0.000633378911159537,0.983823220584533,0.697565696020097
receptor internalization involved in canonical Wnt signaling pathway,-0.00139497382792433,0.995794716913782,0.698295078995406
