Pathway,Description,logFC,p.value,q.value
path:rno00534,Glycosaminoglycan biosynthesis - heparan sulfate / heparin,0.39865523766303,1.44446320379207e-08,2.45087461169596e-06
path:rno04730,Long-term depression,0.253413189108499,1.57612515221605e-08,2.45087461169596e-06
path:rno05032,Morphine addiction,0.231483130267683,4.9140348362975e-07,4.02498802967861e-05
path:rno05033,Nicotine addiction,0.443259847619653,5.17683347868631e-07,4.02498802967861e-05
path:rno00300,Lysine biosynthesis,1.45605161508011,5.18146309405717e-06,0.000322287004450356
path:rno05310,Asthma,-0.825960653681497,6.22307079267692e-06,0.000322562502753754
path:rno04350,TGF-beta signaling pathway,0.202189612842156,2.08230462400366e-05,0.000925138197235913
path:rno04512,ECM-receptor interaction,0.207061516691858,3.20146782402826e-05,0.00124457061659099
path:rno05330,Allograft rejection,-0.323277687881903,4.53351315425898e-05,0.00156658065663838
path:rno01210,2-Oxocarboxylic acid metabolism,0.231585719033439,5.44419796732866e-05,0.00169314556783921
path:rno05146,Amoebiasis,0.179730548872682,6.32769297715561e-05,0.00178901137808672
path:rno04550,Signaling pathways regulating pluripotency of stem cells,0.143692765040316,7.29886676044079e-05,0.00189162296874757
path:rno04924,Renin secretion,0.241573644290679,0.000138663967514357,0.00303092267709913
path:rno05014,Amyotrophic lateral sclerosis (ALS),0.177913709515843,0.000149045466063755,0.00303092267709913
path:rno05150,Staphylococcus aureus infection,-0.321161520530876,0.000155756720363609,0.00303092267709913
path:rno00531,Glycosaminoglycan degradation,-0.20301836817083,0.000161373541328835,0.00303092267709913
path:rno05332,Graft-versus-host disease,-0.312456339551024,0.000167688005819455,0.00303092267709913
path:rno04151,PI3K-Akt signaling pathway,0.100372313588811,0.000176874560081137,0.00303092267709913
path:rno04080,Neuroactive ligand-receptor interaction,0.218171011216276,0.000185168909533388,0.00303092267709913
path:rno04940,Type I diabetes mellitus,-0.255871945765377,0.000251744895787054,0.00377700684773141
path:rno05144,Malaria,0.287886487703806,0.000255039047596011,0.00377700684773141
path:rno04727,GABAergic synapse,0.138244960692797,0.000277713706916077,0.00392586194776818
path:rno04933,AGE-RAGE signaling pathway in diabetic complications,0.113940330128956,0.000303352045275544,0.00410184722089974
path:rno00514,Other types of O-glycan biosynthesis,0.280077129671888,0.000514054688274707,0.00637378530375623
path:rno04540,Gap junction,0.179428656883717,0.000517311623741831,0.00637378530375623
path:rno00232,Caffeine metabolism,0.891702552669972,0.000551238959269512,0.00637378530375623
path:rno00340,Histidine metabolism,-0.123556203347928,0.000553351135695879,0.00637378530375623
path:rno04975,Fat digestion and absorption,-0.250696614232297,0.000778818263228676,0.00865044570943279
path:rno00520,Amino sugar and nucleotide sugar metabolism,-0.133282559821061,0.000957049325220227,0.0102635289704652
path:rno04072,Phospholipase D signaling pathway,0.0822835181467727,0.000993335658591844,0.0102800746756001
path:rno05340,Primary immunodeficiency,1.09723132566954,0.00102470197731063,0.0102800746756001
path:rno04740,Olfactory transduction,-0.23438158645561,0.00112954177105995,0.0109777340874889
path:rno05224,Breast cancer,0.111118800578008,0.00127514245912282,0.0120172516602181
path:rno00670,One carbon pool by folate,-0.183933455091533,0.00136314352521882,0.0123156349701077
path:rno00511,Other glycan degradation,-0.202171641515098,0.00138600393554267,0.0123156349701077
path:rno04261,Adrenergic signaling in cardiomyocytes,0.103252510638928,0.00157080775244443,0.0133169699667025
path:rno04392,Hippo signaling pathway -multiple species,0.162847647793854,0.00158433404748551,0.0133169699667025
path:rno04066,HIF-1 signaling pathway,0.11399296720725,0.00173633664412071,0.0142105446400405
path:rno04961,Endocrine and other factor-regulated calcium reabsorption,0.17451243656313,0.00238859975097866,0.0188537728464416
path:rno00430,Taurine and hypotaurine metabolism,0.47195499629134,0.00242492255259699,0.0188537728464416
path:rno04919,Thyroid hormone signaling pathway,0.105771382369091,0.0029049033884333,0.022034754970799
path:rno04122,Sulfur relay system,-0.293431524229415,0.00300476006004113,0.0222495328255427
path:rno04962,Vasopressin-regulated water reabsorption,0.121515982152051,0.00360225605953707,0.0260535263840937
path:rno01521,EGFR tyrosine kinase inhibitor resistance,0.0998014539448868,0.00388431672535113,0.0274550568541864
path:rno04390,Hippo signaling pathway,0.080534573601878,0.00399574857732846,0.0276150623899811
path:rno05320,Autoimmune thyroid disease,-0.217066527508004,0.00469398839346247,0.0317354432688441
path:rno01522,Endocrine resistance,0.0761919121275729,0.00597754464016378,0.0395535400657646
path:rno04610,Complement and coagulation cascades,0.224762359868423,0.0065808181801002,0.0426382177918992
path:rno05143,African trypanosomiasis,0.26994019531759,0.00686973870548297,0.0435604705582596
path:rno05202,Transcriptional misregulation in cancer,0.114898912321698,0.00700329108653692,0.0435604705582596
path:rno00983,Drug metabolism - other enzymes,0.26723897560879,0.00813360825453191,0.0481538151988661
path:rno05230,Central carbon metabolism in cancer,0.0825882325439322,0.00814530777733688,0.0481538151988661
path:rno04270,Vascular smooth muscle contraction,0.0988908301818331,0.0082062771882312,0.0481538151988661
path:rno05223,Non-small cell lung cancer,0.0766033139849489,0.00871827396127301,0.0494795090676552
path:rno05200,Pathways in cancer,0.062873348232752,0.00875039549427985,0.0494795090676552
path:rno04015,Rap1 signaling pathway,0.0706090002180511,0.00948574147499161,0.0519420177185
path:rno00051,Fructose and mannose metabolism,-0.0912151579964135,0.00951991964615595,0.0519420177185
path:rno03430,Mismatch repair,-0.203825964885911,0.00977665005346728,0.0524230718384194
path:rno00471,D-Glutamine and D-glutamate metabolism,-0.179235891196576,0.0101811015880358,0.0530625633092465
path:rno05164,Influenza A,-0.104868183252861,0.0102731442520108,0.0530625633092465
path:rno00830,Retinol metabolism,0.232584975381154,0.0104077696522959,0.0530625633092465
path:rno04918,Thyroid hormone synthesis,0.141111685441464,0.0108173712857753,0.0542613301592922
path:rno04510,Focal adhesion,0.083206569600326,0.012372001352097,0.0610744828651138
path:rno05168,Herpes simplex infection,-0.0735667358665133,0.0129329323507856,0.0628459681420989
path:rno04216,Ferroptosis,0.106660975595439,0.0132451481655836,0.0633729396845617
path:rno05416,Viral myocarditis,-0.139673376641825,0.0140525409927135,0.0656888245173857
path:rno04068,FoxO signaling pathway,0.061480650998506,0.0141516117127487,0.0656888245173857
path:rno04713,Circadian entrainment,0.128082521850596,0.0151956136639481,0.06949758602188
path:rno00512,Mucin type O-glycan biosynthesis,0.121369823891764,0.0172554386288455,0.0777745132401586
path:rno00250,"Alanine, aspartate and glutamate metabolism",-0.118918179467209,0.0176004047141638,0.0781960838014992
path:rno00515,Mannose type O-glycan biosynthesis,0.114845022466283,0.0210938941620391,0.0915893088331471
path:rno04024,cAMP signaling pathway,0.0802343702674418,0.0212039557427222,0.0915893088331471
path:rno04657,IL-17 signaling pathway,-0.112407038872935,0.0216403676759711,0.0921938951674933
path:rno00230,Purine metabolism,0.0884177397008908,0.0235601887299189,0.0990164688514161
path:rno04974,Protein digestion and absorption,0.16428097414833,0.0249552312727554,0.103481025677692
path:rno04721,Synaptic vesicle cycle,-0.0918860248672908,0.0254870972890442,0.104295884959115
path:rno04916,Melanogenesis,0.0974351790369792,0.0270323044079678,0.109182424297117
path:rno04612,Antigen processing and presentation,0.239342024313642,0.0287229143600924,0.114523414948574
path:rno03060,Protein export,0.124791239966918,0.03267151440261,0.126719068298891
path:rno05215,Prostate cancer,0.0682571666180947,0.0327211067918182,0.126719068298891
path:rno00592,alpha-Linolenic acid metabolism,-0.275919437070399,0.0330040017112867,0.126719068298891
path:rno03440,Homologous recombination,-0.15970159212925,0.0361051025374359,0.136899386016328
path:rno04964,Proximal tubule bicarbonate reclamation,0.25865021994566,0.0365358490011423,0.136899386016328
path:rno05418,Fluid shear stress and atherosclerosis,0.105064051926063,0.0378169979611889,0.140012932927735
path:rno04970,Salivary secretion,0.127287257238258,0.0392683618620088,0.143676006342173
path:rno04340,Hedgehog signaling pathway,-0.108465694692545,0.0402277960564905,0.14547493690196
path:rno00970,Aminoacyl-tRNA biosynthesis,-0.128254842974873,0.0419728792379523,0.149896668661323
path:rno00072,Synthesis and degradation of ketone bodies,0.241155682088742,0.0424144914540078,0.149896668661323
path:rno05152,Tuberculosis,0.136901542760574,0.0451411819682522,0.157740534742994
path:rno04370,VEGF signaling pathway,-0.0847437907279748,0.0457541846890066,0.158106127092012
path:rno04971,Gastric acid secretion,0.104447242195515,0.0487776962344946,0.165122281912794
path:rno00533,Glycosaminoglycan biosynthesis - keratan sulfate,-0.135321555696073,0.0488464628166465,0.165122281912794
path:rno04310,Wnt signaling pathway,0.0709672544470553,0.0495187725109719,0.165484102263842
path:rno04976,Bile secretion,0.127926082437578,0.0500177029350518,0.165484102263842
path:rno04925,Aldosterone synthesis and secretion,-0.0883300667480283,0.0518428535225675,0.169717131005458
path:rno04912,GnRH signaling pathway,0.0475665074202458,0.0558531844337484,0.180941045405164
path:rno05034,Alcoholism,0.128557864054957,0.0590555701019907,0.188417893515257
path:rno05212,Pancreatic cancer,0.0582671279563897,0.0593728410433927,0.188417893515257
path:rno00565,Ether lipid metabolism,-0.15818816713526,0.0616034944270303,0.1935220885536
path:rno00760,Nicotinate and nicotinamide metabolism,0.096301615346509,0.0646560572460364,0.201080338035173
path:rno05020,Prion diseases,0.0728474718538249,0.0666484125858058,0.203527072061234
path:rno00600,Sphingolipid metabolism,-0.0478099000199369,0.0667516442130092,0.203527072061234
path:rno04210,Apoptosis,-0.0654586314061311,0.0703909678289265,0.212539718396079
path:rno00450,Selenocompound metabolism,-0.113067568318961,0.0720646916144678,0.215501145116341
path:rno00120,Primary bile acid biosynthesis,0.219459332421604,0.0758614991079997,0.224694535453218
path:rno04742,Taste transduction,0.163971314770922,0.0855361352383894,0.250959793010746
path:rno00140,Steroid hormone biosynthesis,-0.172710532926661,0.088957931507442,0.258183306546275
path:rno04622,RIG-I-like receptor signaling pathway,-0.0580592618784848,0.0896585115980633,0.258183306546275
path:rno00591,Linoleic acid metabolism,-0.20705297642088,0.0962496992742026,0.27048413456332
path:rno04142,Lysosome,-0.0673999433812544,0.0968466285465201,0.27048413456332
path:rno04320,Dorso-ventral axis formation,0.114665719883299,0.09738453684353,0.27048413456332
path:rno04923,Regulation of lipolysis in adipocytes,0.137968963300264,0.0974090773990091,0.27048413456332
path:rno04022,cGMP-PKG signaling pathway,0.0631691996079175,0.102693581134407,0.282619393429317
path:rno02010,ABC transporters,-0.112428316326667,0.103596819456405,0.282619393429317
path:rno00860,Porphyrin and chlorophyll metabolism,-0.0594519905300186,0.10780942734575,0.288652498049578
path:rno04060,Cytokine-cytokine receptor interaction,0.0747386396697295,0.10848177522476,0.288652498049578
path:rno04666,Fc gamma R-mediated phagocytosis,-0.0617832369094487,0.108592740423796,0.288652498049578
path:rno01230,Biosynthesis of amino acids,0.0548814461393877,0.115521435507567,0.304467512227569
path:rno00603,Glycosphingolipid biosynthesis - globo and isoglobo series,0.0961110173071405,0.122862477029622,0.32066468359874
path:rno04915,Estrogen signaling pathway,0.0593034909282208,0.123729138366073,0.32066468359874
path:rno05414,Dilated cardiomyopathy,0.0681481736656156,0.125674329049891,0.321740550183843
path:rno04010,MAPK signaling pathway,0.0506777042753944,0.126213334798807,0.321740550183843
path:rno04728,Dopaminergic synapse,0.0497255117803437,0.129696469048481,0.327931722553475
path:rno04978,Mineral absorption,0.109004283352154,0.133247545890403,0.332092389717854
path:rno00640,Propanoate metabolism,-0.179216890498413,0.133477648600424,0.332092389717854
path:rno04672,Intestinal immune network for IgA production,-0.165620508671204,0.139068350499663,0.343256007979328
path:rno04911,Insulin secretion,0.0613038613557737,0.144455002769759,0.353744140640906
path:rno03008,Ribosome biogenesis in eukaryotes,-0.0632441349688478,0.146849742385046,0.356798983451167
path:rno00410,beta-Alanine metabolism,-0.196088692668721,0.150868213460941,0.363721041754672
path:rno03030,DNA replication,-0.145705792486104,0.155008175203134,0.370827249909035
path:rno03410,Base excision repair,-0.0852104002440209,0.157505607931396,0.373925527226445
path:rno04723,Retrograde endocannabinoid signaling,0.0542130368159907,0.16391287376174,0.386188664696221
path:rno04620,Toll-like receptor signaling pathway,0.0515604690966637,0.17096858500181,0.39899950115378
path:rno00280,"Valine, leucine and isoleucine degradation",-0.111372107844374,0.17191618377687,0.39899950115378
path:rno00604,Glycosphingolipid biosynthesis - ganglio series,0.0865077451634976,0.17353125389534,0.399764592307044
path:rno00920,Sulfur metabolism,-0.0808721601741551,0.175559725847354,0.40146378484211
path:rno05142,Chagas disease (American trypanosomiasis),0.0527376511224135,0.177691026007746,0.403371599185467
path:rno00030,Pentose phosphate pathway,-0.0755880264325853,0.180565083966377,0.406925660243068
path:rno00601,Glycosphingolipid biosynthesis - lacto and neolacto series,-0.105974629041285,0.184080349656512,0.411863228368166
path:rno03420,Nucleotide excision repair,-0.0691211589060421,0.193118350926522,0.428998622415344
path:rno05218,Melanoma,0.0387161197831854,0.195203018518765,0.430554175598128
path:rno00564,Glycerophospholipid metabolism,-0.058301257315931,0.202580179881444,0.443679126360063
path:rno04071,Sphingolipid signaling pathway,0.0355977069068526,0.204115878613452,0.443916351390096
path:rno04062,Chemokine signaling pathway,0.0518508680725391,0.208868970922361,0.451098958033711
path:rno01524,Platinum drug resistance,-0.0476370031976201,0.212802966547943,0.456425673078691
path:rno00440,Phosphonate and phosphinate metabolism,0.10150125881246,0.214515485946735,0.456947370749552
path:rno00510,N-Glycan biosynthesis,0.0587128482363244,0.221482151945626,0.46628072607382
path:rno03450,Non-homologous end-joining,-0.0758226756521258,0.223048009267339,0.46628072607382
path:rno04931,Insulin resistance,0.0438423304340965,0.223394945932473,0.46628072607382
path:rno05162,Measles,-0.0433167874778275,0.225752508099986,0.466810232425339
path:rno04360,Axon guidance,0.0361772986420846,0.226650627319055,0.466810232425339
path:rno04950,Maturity onset diabetes of the young,-0.273360511907434,0.234350367324058,0.479493185774881
path:rno00785,Lipoic acid metabolism,-0.18180679876506,0.239841149793192,0.487520245658056
path:rno04910,Insulin signaling pathway,0.0343510123883197,0.244342271982876,0.49344445835503
path:rno03460,Fanconi anemia pathway,-0.0848105894292667,0.248215576629913,0.498032544076794
path:rno00020,Citrate cycle (TCA cycle),-0.0557563549852041,0.256895656273024,0.512144545518657
path:rno04658,Th1 and Th2 cell differentiation,-0.0401876071393771,0.260016975756933,0.515065474270103
path:rno03020,RNA polymerase,0.0475471023727232,0.262496316433844,0.516685787410921
path:rno04152,AMPK signaling pathway,0.0327036582462054,0.269060986488837,0.526276520742317
path:rno04330,Notch signaling pathway,0.0487051710326823,0.278876753373202,0.542066689369162
path:rno00130,Ubiquinone and other terpenoid-quinone biosynthesis,-0.0622918489329637,0.282492226899361,0.54513874722279
path:rno04520,Adherens junction,0.0371173250926845,0.283962948714122,0.54513874722279
path:rno00290,"Valine, leucine and isoleucine biosynthesis",0.176908609319924,0.2899342817291,0.55216420776859
path:rno05322,Systemic lupus erythematosus,0.125593555121171,0.291331390526049,0.55216420776859
path:rno00062,Fatty acid elongation,0.113915962653065,0.292948856211631,0.55216420776859
path:rno00563,Glycosylphosphatidylinositol (GPI)-anchor biosynthesis,-0.0981174534017173,0.297136934440354,0.556684256692471
path:rno05213,Endometrial cancer,0.0248064508578169,0.300506347020897,0.559625592356282
path:rno04120,Ubiquitin mediated proteolysis,-0.0352685973161503,0.306957307568695,0.56823644436824
path:rno01040,Biosynthesis of unsaturated fatty acids,0.112789023968568,0.314325466783484,0.577083496420098
path:rno00750,Vitamin B6 metabolism,0.0945845654652244,0.317549229400576,0.577083496420098
path:rno04662,B cell receptor signaling pathway,0.0351323993231763,0.318947574908842,0.577083496420098
path:rno05216,Thyroid cancer,0.028758737879014,0.319158718277353,0.577083496420098
path:rno05410,Hypertrophic cardiomyopathy (HCM),0.0453782873419067,0.329416730645443,0.592188457981114
path:rno05214,Glioma,0.0305819315548167,0.352234095077628,0.628732918121512
path:rno05219,Bladder cancer,0.0409128928348966,0.353788619521751,0.628732918121512
path:rno05031,Amphetamine addiction,0.0622210990806617,0.356401004376195,0.629776774778389
path:rno00730,Thiamine metabolism,-0.0788082797084203,0.366032115918534,0.639089334193178
path:rno00500,Starch and sucrose metabolism,0.05661292620623,0.369126081064637,0.639089334193178
path:rno05206,MicroRNAs in cancer,0.0355319433972559,0.370568657107929,0.639089334193178
path:rno00310,Lysine degradation,0.0796191635946837,0.3713057401455,0.639089334193178
path:rno05140,Leishmaniasis,-0.0365850313801421,0.375316798125072,0.639089334193178
path:rno00010,Glycolysis / Gluconeogenesis,-0.0403899149447735,0.376381006590953,0.639089334193178
path:rno05161,Hepatitis B,0.0322900829959168,0.376781104149831,0.639089334193178
path:rno04640,Hematopoietic cell lineage,-0.0727935497995216,0.378110731484066,0.639089334193178
path:rno04668,TNF signaling pathway,0.0386107578916315,0.388261864041617,0.652699674145637
path:rno05321,Inflammatory bowel disease (IBD),-0.0503529725135062,0.398787360580607,0.665272317350442
path:rno04136,Autophagy - other,0.0374150888172688,0.400019046123899,0.665272317350442
path:rno00900,Terpenoid backbone biosynthesis,0.110176482392123,0.417254301695506,0.687168257320738
path:rno05030,Cocaine addiction,0.045446773437854,0.418879661071982,0.687168257320738
path:rno04064,NF-kappa B signaling pathway,0.0281500747283803,0.41981340479402,0.687168257320738
path:rno04130,SNARE interactions in vesicular transport,-0.0438778463728824,0.426114410883714,0.693830271124791
path:rno04623,Cytosolic DNA-sensing pathway,0.0362802602575235,0.436621128547537,0.707235265511896
path:rno01212,Fatty acid metabolism,0.0525238344470159,0.443446019702575,0.712046512433182
path:rno04137,Mitophagy - animal,0.0278745328072304,0.446307935826838,0.712046512433182
path:rno03013,RNA transport,-0.0308429023846494,0.446460031911481,0.712046512433182
path:rno00480,Glutathione metabolism,0.0507301679042971,0.451098676977327,0.715773921122187
path:rno03018,RNA degradation,0.0278731128801362,0.465801371968056,0.732927066081468
path:rno04150,mTOR signaling pathway,0.0227714755691844,0.466622376476304,0.732927066081468
path:rno04930,Type II diabetes mellitus,-0.0317616224630969,0.472289991667483,0.737445465741557
path:rno04145,Phagosome,-0.0297555789444941,0.474241457068526,0.737445465741557
path:rno04660,T cell receptor signaling pathway,-0.0331543430024957,0.484819014286888,0.747018193838319
path:rno00380,Tryptophan metabolism,0.104469009537477,0.485201527830677,0.747018193838319
path:rno04710,Circadian rhythm,-0.0402247426726539,0.48944222037735,0.749835125799782
path:rno00770,Pantothenate and CoA biosynthesis,0.0657929288013875,0.498766613169333,0.760374591645405
path:rno05231,Choline metabolism in cancer,0.0264533992026998,0.508092465992303,0.770813448407835
path:rno04114,Oocyte meiosis,0.0296268597651216,0.513545867458847,0.771953639527224
path:rno00053,Ascorbate and aldarate metabolism,-0.0597827141601175,0.513808371003651,0.771953639527224
path:rno05222,Small cell lung cancer,0.0257556178471795,0.519289222559658,0.773189301683949
path:rno00590,Arachidonic acid metabolism,-0.0512257436241882,0.519603099845483,0.773189301683949
path:rno04659,Th17 cell differentiation,-0.0234569808774972,0.525597325121468,0.778384610060841
path:rno00071,Fatty acid degradation,-0.054847380674781,0.528383804625668,0.77880266937717
path:rno05100,Bacterial invasion of epithelial cells,-0.0288014509149152,0.530973228112011,0.778927707277526
path:rno04140,Autophagy - animal,0.0140216491837305,0.53363221419028,0.779153139029
path:rno04014,Ras signaling pathway,-0.0160684650159915,0.538652492372612,0.781898227843022
path:rno05016,Huntington's disease,-0.0284580414396323,0.540540575518488,0.781898227843022
path:rno00650,Butanoate metabolism,0.085044769469956,0.55350420309799,0.796304132378442
path:rno04144,Endocytosis,0.0332366255730879,0.559174895253209,0.796304132378442
path:rno00052,Galactose metabolism,-0.0234751066521429,0.560376936994802,0.796304132378442
path:rno00561,Glycerolipid metabolism,0.0319097919443012,0.561975523377117,0.796304132378442
path:rno05205,Proteoglycans in cancer,0.0196239060807995,0.563301958595682,0.796304132378442
path:rno00620,Pyruvate metabolism,-0.0367069457481414,0.566698902313649,0.797481260721922
path:rno04614,Renin-angiotensin system,0.0640449903686219,0.570966610854962,0.79986763953105
path:rno00630,Glyoxylate and dicarboxylate metabolism,0.0222058880723316,0.579573185775564,0.805118971074787
path:rno00100,Steroid biosynthesis,0.116075796461085,0.585651187496077,0.805118971074787
path:rno04115,p53 signaling pathway,-0.018213606529926,0.586072415754497,0.805118971074787
path:rno04630,Jak-STAT signaling pathway,-0.0297447933603753,0.586520470461214,0.805118971074787
path:rno04977,Vitamin digestion and absorption,0.0568364444614846,0.589959285854376,0.805118971074787
path:rno05220,Chronic myeloid leukemia,0.0165002289155685,0.590247991656114,0.805118971074787
path:rno05160,Hepatitis C,0.0175259757161196,0.60980297521475,0.818618637261416
path:rno05210,Colorectal cancer,0.0165302748522686,0.611707860730393,0.818618637261416
path:rno04744,Phototransduction,-0.0760325159243503,0.611909878183965,0.818618637261416
path:rno04012,ErbB signaling pathway,-0.0162252116475771,0.612782150461112,0.818618637261416
path:rno05204,Chemical carcinogenesis,0.0398515091688505,0.613305924379131,0.818618637261416
path:rno04722,Neurotrophin signaling pathway,-0.0136847777401971,0.62013468372058,0.824196096739745
path:rno00330,Arginine and proline metabolism,-0.0188466612043967,0.624963875928406,0.827079852824401
path:rno03022,Basal transcription factors,-0.0220205197759612,0.633083828795161,0.834275723539386
path:rno04211,Longevity regulating pathway,0.0132180559582845,0.637540336606123,0.834490304343383
path:rno04514,Cell adhesion molecules (CAMs),0.0273466449107792,0.640825789740723,0.834490304343383
path:rno00400,"Phenylalanine, tyrosine and tryptophan biosynthesis",-0.0566283192502582,0.641296407517905,0.834490304343383
path:rno00740,Riboflavin metabolism,-0.0433881365190752,0.649209256560251,0.841266994959325
path:rno00360,Phenylalanine metabolism,-0.030407024751244,0.653758139501794,0.843646395788623
path:rno00350,Tyrosine metabolism,0.0239421682750065,0.665854840631098,0.855706014199469
path:rno00780,Biotin metabolism,0.0300924147727916,0.677056657542907,0.866521071999358
path:rno05145,Toxoplasmosis,0.0161205227216234,0.68689598997614,0.875510872469588
path:rno04380,Osteoclast differentiation,0.0146238298918245,0.696222984924012,0.878723754360511
path:rno04920,Adipocytokine signaling pathway,0.0129350617742383,0.698066980483759,0.878723754360511
path:rno03050,Proteasome,-0.0230641596716394,0.699708825419662,0.878723754360511
path:rno04621,NOD-like receptor signaling pathway,0.0145957165045993,0.700718620840536,0.878723754360511
path:rno04215,Apoptosis - multiple species,-0.0207119950611526,0.705154161646349,0.880734715951865
path:rno05412,Arrhythmogenic right ventricular cardiomyopathy (ARVC),0.0170937004827476,0.712811521990286,0.886737533355916
path:rno04020,Calcium signaling pathway,0.0176846569014458,0.722372701187595,0.895051434539211
path:rno04960,Aldosterone-regulated sodium reabsorption,0.0221716685004116,0.728928741368608,0.899590629228719
path:rno04726,Serotonergic synapse,-0.0116888534944185,0.733284622818309,0.899799470047711
path:rno00532,Glycosaminoglycan biosynthesis - chondroitin sulfate / dermatan sulfate,0.0288709968434227,0.734884454637037,0.899799470047711
path:rno03010,Ribosome,0.0295052065953571,0.740358791104434,0.901296619294707
path:rno00980,Metabolism of xenobiotics by cytochrome P450,-0.024209262293805,0.745765980654037,0.901296619294707
path:rno05133,Pertussis,0.0151454059717313,0.74851009371434,0.901296619294707
path:rno04914,Progesterone-mediated oocyte maturation,-0.0166806517117109,0.750006132547048,0.901296619294707
path:rno00260,"Glycine, serine and threonine metabolism",0.0260981003296118,0.754087837725895,0.901296619294707
path:rno00982,Drug metabolism - cytochrome P450,0.0260403614211426,0.755335219038955,0.901296619294707
path:rno01100,Metabolic pathways,-0.00925211751194669,0.756393625838966,0.901296619294707
path:rno00910,Nitrogen metabolism,0.0363996453990163,0.76687427498632,0.910297326415059
path:rno05132,Salmonella infection,-0.0100772066511683,0.775768201908412,0.913690159480518
path:rno05166,HTLV-I infection,-0.0102934696527386,0.777004171206173,0.913690159480518
path:rno03015,mRNA surveillance pathway,0.0101776365758607,0.778546277370859,0.913690159480518
path:rno05211,Renal cell carcinoma,-0.00765437288046775,0.781967706927213,0.914255476896102
path:rno05217,Basal cell carcinoma,-0.0126617305841093,0.792021709996749,0.91734754926372
path:rno04260,Cardiac muscle contraction,0.015358415516318,0.795139061303096,0.91734754926372
path:rno04371,Apelin signaling pathway,-0.00895416196053549,0.796258473619788,0.91734754926372
path:rno04530,Tight junction,0.00845097436057388,0.796411055630883,0.91734754926372
path:rno04110,Cell cycle,-0.0153474635221483,0.806405060608312,0.925431637819871
path:rno00220,Arginine biosynthesis,-0.0155574435257271,0.80972000360335,0.925819562943536
path:rno04141,Protein processing in endoplasmic reticulum,-0.00717616185643365,0.828965784360798,0.943219164641574
path:rno04070,Phosphatidylinositol signaling system,0.00714457993473694,0.832363700225525,0.943219164641574
path:rno00240,Pyrimidine metabolism,0.00881857926781597,0.835111279794977,0.943219164641574
path:rno04664,Fc epsilon RI signaling pathway,0.00711715563281284,0.838487478633815,0.943219164641574
path:rno04921,Oxytocin signaling pathway,-0.00742120354271701,0.840101956931563,0.943219164641574
path:rno04213,Longevity regulating pathway - multiple species,0.00497813887962862,0.849403761340062,0.950232265384026
path:rno00790,Folate biosynthesis,-0.0160459682953507,0.857205377989338,0.953206431224671
path:rno05012,Parkinson's disease,0.00946844940241934,0.85819228534697,0.953206431224671
path:rno04922,Glucagon signaling pathway,0.00612562128430303,0.862566999690927,0.954656003216648
path:rno04966,Collecting duct acid secretion,0.0161382102624612,0.868923887822449,0.958281308910574
path:rno05134,Legionellosis,-0.00960979129264103,0.877010018813291,0.960462185428572
path:rno03320,PPAR signaling pathway,0.0067373590535679,0.877078008558568,0.960462185428572
path:rno04750,Inflammatory mediator regulation of TRP channels,0.00643640716404949,0.882467343904421,0.962879927266382
path:rno04973,Carbohydrate digestion and absorption,-0.00816374596279534,0.889031754457003,0.962879927266382
path:rno05203,Viral carcinogenesis,0.0058841358724362,0.889488201300272,0.962879927266382
path:rno03040,Spliceosome,0.00866805935805672,0.891670157725781,0.962879927266382
path:rno04972,Pancreatic secretion,-0.00739316632026028,0.906062060205458,0.975035642643244
path:rno05221,Acute myeloid leukemia,-0.00306692695549838,0.912514261318887,0.978592880241979
path:rno04724,Glutamatergic synapse,-0.00403332215037129,0.923991939827227,0.984175107359244
path:rno00562,Inositol phosphate metabolism,-0.00262236782905156,0.927160266676937,0.984175107359244
path:rno04650,Natural killer cell mediated cytotoxicity,-0.00328874431833185,0.932868387469327,0.984175107359244
path:rno04611,Platelet activation,-0.00268656719416438,0.938134866044943,0.984175107359244
path:rno04146,Peroxisome,0.00391562812384391,0.94247044266908,0.984175107359244
path:rno04670,Leukocyte transendothelial migration,-0.00316245099045833,0.942689058205131,0.984175107359244
path:rno05010,Alzheimer's disease,-0.00306775405086246,0.947056818457331,0.984175107359244
path:rno05323,Rheumatoid arthritis,0.00374211183663021,0.948726908302697,0.984175107359244
path:rno00270,Cysteine and methionine metabolism,-0.0028196815993657,0.952379572628612,0.984175107359244
path:rno00040,Pentose and glucuronate interconversions,-0.00401458368676948,0.953431157259667,0.984175107359244
path:rno01523,Antifolate resistance,-0.00239554173502649,0.959639551234698,0.984175107359244
path:rno04725,Cholinergic synapse,0.00212809413245952,0.960921288518105,0.984175107359244
path:rno01200,Carbon metabolism,0.00177557575781652,0.965071440950236,0.984175107359244
path:rno04913,Ovarian steroidogenesis,-0.00317951448493211,0.968476327673957,0.984175107359244
path:rno04720,Long-term potentiation,0.00211406584270182,0.969633824617732,0.984175107359244
path:rno05169,Epstein-Barr virus infection,0.00124377470089277,0.97112134968598,0.984175107359244
path:rno04810,Regulation of actin cytoskeleton,-0.00095232945396436,0.972536025494508,0.984175107359244
path:rno04917,Prolactin signaling pathway,-0.00105110030130264,0.97468145680594,0.984175107359244
path:rno00061,Fatty acid biosynthesis,0.000536238099064568,0.998184502002138,0.999623903015972
path:rno00190,Oxidative phosphorylation,-0.000192264484748379,0.998481160982465,0.999623903015972
path:rno04932,Non-alcoholic fatty liver disease (NAFLD),8.24842676340764e-05,0.999623903015972,0.999623903015972
