Pathway,logFC,p.value,q.value
"Wnt signaling, the planar cell polarity pathway",0.303014534447526,3.98482275850424e-08,2.68347467049834e-07
Wnt signaling pathway involved in dorsal/ventral axis specification,0.330993598468608,4.47945263954224e-08,2.68347467049834e-07
platelet-derived growth factor receptor-beta signaling pathway,0.318962548162863,6.69834981738475e-08,2.68347467049834e-07
canonical Wnt signaling pathway involved in metanephric kidney development,0.735072139834295,7.4655183195527e-08,2.68347467049834e-07
"regulation of Wnt signaling pathway, planar cell polarity pathway",1.26586511843832,1.74477986002792e-07,5.01727795399594e-07
positive regulation of canonical Wnt signaling pathway,0.219915351235713,6.31324110489334e-07,1.51285968980519e-06
"positive regulation of Wnt signaling pathway, planar cell polarity pathway",0.288289604826044,1.74566116533768e-06,3.58558016427332e-06
regulation of canonical Wnt signaling pathway,0.181534837679052,2.14242010910321e-06,3.85045609042803e-06
ciliary pocket membrane,0.332356476297302,1.87512138528417e-05,2.9956040119016e-05
protein localization to ciliary transition zone,-0.253084630226765,4.37020146104583e-05,6.28346187027719e-05
canonical Wnt signaling pathway involved in negative regulation of apoptotic process,0.250232115070849,6.08430988521161e-05,7.95272868507091e-05
negative regulation of smoothened signaling pathway,0.20905276445578,9.70368405620714e-05,0.000116266052629152
negative regulation of canonical Wnt signaling pathway,0.185993376576659,0.000128653172102332,0.000134677125588173
intraciliary transport particle A,-0.224401698269599,0.000131136729470516,0.000134677125588173
intraciliary retrograde transport,-0.170746188625905,0.000235050380839486,0.00021691905640762
positive regulation of platelet-derived growth factor receptor signaling pathway,-0.501836176320036,0.00024139049379146,0.00021691905640762
"Wnt signaling, canonical pathway",0.176422380384829,0.000337919685028061,0.000285799915769959
positive regulation of non-canonical Wnt signaling pathway,0.835747432609451,0.000358712508576291,0.000286530951607589
positive regulation of Wnt signaling pathway,0.267336598237744,0.000403650919815165,0.000305456851982762
smoothened signaling pathway involved in dorsal/ventral neural tube patterning,-0.247953126117898,0.000634520542437844,0.000456155816826082
altered Hedgehog signaling pathway,-0.515854311512255,0.000947157046595315,0.000630697669744861
planar cell polarity pathway involved in axis elongation,0.528700376862584,0.000965042369372462,0.000630697669744861
ciliary receptor clustering involved in smoothened signaling pathway,-0.260567914637534,0.00142929978415451,0.000864479123660456
planar cell polarity pathway involved in gastrula mediolateral intercalation,0.752646650446061,0.00144608403757469,0.000864479123660456
protein localization to ciliary membrane,0.331730708914429,0.00150313155679971,0.000864479123660456
smoothened signaling pathway involved in regulation of cerebellar granule cell precursor cell proliferation,-1.05906108645778,0.00165657506428096,0.000902851308757457
smoothened signaling pathway involved in spinal cord motor neuron cell fate specification,-0.388777102934563,0.00175823425561772,0.000902851308757457
smoothened signaling pathway involved in ventral spinal cord interneuron specification,-0.388777102934563,0.00175823425561772,0.000902851308757457
canonical Wnt signaling pathway involved in positive regulation of epithelial to mesenchymal transition,0.205342403342046,0.00218183066057842,0.00106631405230365
negative regulation of non-canonical Wnt signaling pathway,-0.167729744487439,0.00222489162448225,0.00106631405230365
regulation of Wnt signaling pathway,0.286038844289919,0.00325673845151574,0.00151049298992563
canonical Wnt signaling pathway involved in positive regulation of cardiac outflow tract cell proliferation,-0.132001893942965,0.00471001993338005,0.00205459720736744
intraciliary anterograde transport,-0.23206975937232,0.00471566675814583,0.00205459720736744
negative regulation of Wnt signaling pathway,0.186350069713677,0.00525368354090992,0.00222168518142023
negative regulation of smoothened signaling pathway involved in ventral spinal cord patterning,-0.24684203431318,0.00560635576855972,0.0023030858951048
canonical Wnt signaling pathway,0.135494250726157,0.0062585361849445,0.00248689926810992
Wnt-activated receptor activity,0.096894006428752,0.00639974091441518,0.00248689926810992
Wnt signaling pathway,0.0910518405881032,0.00697132072031949,0.00263772182454841
positive regulation of hh target transcription factor activity,-1.02778356316209,0.00763269518031851,0.00281391411406834
intraciliary transport involved in cilium assembly,-0.161886712860409,0.00920279384501543,0.00330793698760846
intraciliary transport,-0.121767309605443,0.0100210531564304,0.00351420453812766
non-canonical Wnt signaling pathway,0.205061137408813,0.0104250974143593,0.00356885051556889
intraciliary transport particle,-0.193639150793126,0.0108473338593411,0.00362703776595199
receptor localization to non-motile cilium,0.425316145307649,0.0118041836987333,0.00385727683483604
non-canonical Wnt signaling pathway via JNK cascade,-0.185552406209834,0.0123754758463739,0.00395409336009155
negative regulation of platelet-derived growth factor receptor signaling pathway,-0.109997152583119,0.0147209397949708,0.00460124364879615
photoreceptor outer segment membrane,0.139998150047966,0.0180973054595302,0.00553622312396926
smoothened binding,0.190865719078197,0.0201351048278407,0.00603128962167142
positive regulation of platelet-derived growth factor receptor-beta signaling pathway,0.215998435237111,0.0281709039402851,0.00826612995724145
positive regulation of cell proliferation by VEGF-activated platelet derived growth factor receptor signaling pathway,0.310061126179478,0.0294601102980442,0.00847153072470129
patched binding,-0.31997142544465,0.0446270721669162,0.0123800947897333
non-motile cilium assembly,-0.0829661624454334,0.0447744013038909,0.0123800947897333
"Wnt signaling, non-canonical pathway",0.0826586215242514,0.0508207394080252,0.0137867733496567
"Wnt signaling pathway, planar cell polarity pathway",0.110826170907751,0.0583727558476109,0.0154552680960789
axoneme,-0.0882072510219696,0.0591209911587283,0.0154552680960789
smoothened signaling pathway,-0.0691720558679009,0.0664465060455646,0.0170601029851172
canonical Wnt signaling pathway involved in mesenchymal stem cell differentiation,0.208554440499468,0.069796939588806,0.0176059332443243
canonical Wnt signaling pathway involved in positive regulation of apoptotic process,0.107082612942921,0.10050780843674,0.0248962707070088
receptor internalization involved in canonical Wnt signaling pathway,-0.428660114646958,0.102161858080953,0.0248962707070088
ciliary basal body,-0.0605798502415078,0.119296954773874,0.0285874641876135
ciliary membrane,0.0943842782232408,0.125812741696337,0.0296546168855523
adenosine monophosphate-activated protein kinase (AMPK) signaling pathway,0.0476096874158937,0.170308356344864,0.0391773246414981
"altered Wnt signaling, canonical pathway",0.0873629999098525,0.171663435063975,0.0391773246414981
photoreceptor outer segment,0.0678744258633285,0.180010068158259,0.0404402981197083
planar cell polarity pathway involved in neural tube closure,0.094624512648217,0.192551770334096,0.0425923581197709
axonemal microtubule,-0.114367024360473,0.202212152960539,0.0440515144598384
canonical Wnt signaling pathway involved in osteoblast differentiation,-0.112195449737141,0.205491966300226,0.044097865776881
ciliary basal body organization,-0.115941918494544,0.218911837814687,0.0462868749443295
axonemal basal plate,0.119548091542226,0.233070187927885,0.048566316048802
intraciliary transport particle B,-0.0568724299407996,0.245177020566528,0.0503592495001127
BBSome,-0.0652646615542183,0.253875884275363,0.0514115415903664
negative regulation of non-motile cilium assembly,0.115339396301357,0.263013864570042,0.052522292294984
positive regulation of metanephric mesenchymal cell migration by platelet-derived growth factor receptor-beta signaling pathway,0.105397111624179,0.29366963052838,0.0578407216551786
kinociliary basal body,0.101829613332149,0.297818620350656,0.0578652260212032
ciliary tip,-0.0505182121975171,0.307745721683189,0.0589967770036397
negative regulation of platelet-derived growth factor receptor-alpha signaling pathway,-0.0746836762523909,0.347927188626173,0.0658221860398762
planar cell polarity pathway involved in axon guidance,0.0540952857102286,0.390815476987144,0.0714754308518117
negative regulation of platelet-derived growth factor receptor-beta signaling pathway,-0.0803097538822988,0.392236719188752,0.0714754308518117
TORC1 complex,-0.0412686449058626,0.39272300945102,0.0714754308518117
positive regulation of non-motile cilium assembly,-0.0312219335822377,0.429657444244105,0.0772200146907676
platelet-derived growth factor receptor signaling pathway,0.025633736767748,0.463403269385805,0.0822567602997584
regulation of smoothened signaling pathway,0.0417336965551058,0.489636638009736,0.0855561612938162
photoreceptor connecting cilium,0.0392841685811722,0.493891846739427,0.0855561612938162
positive regulation of smoothened signaling pathway,0.056776242603844,0.501057896185849,0.0857372945465727
negative regulation of smoothened signaling pathway involved in dorsal/ventral neural tube patterning,-0.030082945312991,0.506863682767071,0.0857372945465727
TORC2 complex,-0.0324178032152603,0.611223712684356,0.10218785178454
Hedgehog signaling pathway,-0.0189729598451936,0.638743008346333,0.105561227794387
mTOR signaling pathway,0.0118085190132255,0.653135033515759,0.106713123884651
"Wnt signaling pathway, calcium modulating pathway",0.0271810257348157,0.748981417670971,0.120998103244346
hedgehog receptor activity,0.0127745443796617,0.921882322973733,0.147275499435615
basal cell carcinoma pathway,0.00208840137489828,0.968944033408902,0.153092821283337
