Pathway,logFC,p.value,q.value
platelet-derived growth factor receptor-beta signaling pathway,0.449989091056794,7.48035565239361e-10,1.15778071713709e-08
"Wnt signaling, canonical pathway",0.314359799330943,3.40458164184892e-09,1.8795101929438e-08
canonical Wnt signaling pathway involved in metanephric kidney development,0.929621496898317,3.64302267797759e-09,1.8795101929438e-08
positive regulation of canonical Wnt signaling pathway,0.255345771330664,8.98329797566189e-09,3.47600089348355e-08
protein localization to ciliary transition zone,-0.387976474283169,7.48781079362715e-08,2.31786919052664e-07
ciliary pocket membrane,0.467175731327746,1.87649544750554e-07,4.08478428603834e-07
intraciliary transport particle A,-0.332748989211315,1.89622783697274e-07,4.08478428603834e-07
positive regulation of platelet-derived growth factor receptor signaling pathway,-1.07759489956352,2.11132479721599e-07,4.08478428603834e-07
planar cell polarity pathway involved in axis elongation,1.10563506392681,4.63772379904517e-07,7.72780061473847e-07
planar cell polarity pathway involved in gastrula mediolateral intercalation,1.66486421509627,4.99288821737952e-07,7.72780061473847e-07
positive regulation of cell proliferation by VEGF-activated platelet derived growth factor receptor signaling pathway,0.969974012792314,6.04455526090069e-07,8.50502770182276e-07
platelet-derived growth factor receptor signaling pathway,0.180264341780014,1.4649934582326e-06,1.88955050567565e-06
canonical Wnt signaling pathway,0.229922421586291,1.60893284778482e-06,1.89231829589309e-06
non-canonical Wnt signaling pathway,0.472740689100017,1.71166258962577e-06,1.89231829589309e-06
Wnt signaling pathway involved in dorsal/ventral axis specification,0.247484465962045,3.05957473055433e-06,2.92277611628755e-06
intraciliary retrograde transport,-0.221952976626888,3.17264007243523e-06,2.92277611628755e-06
positive regulation of platelet-derived growth factor receptor-beta signaling pathway,0.615745031281554,3.21026146674531e-06,2.92277611628755e-06
negative regulation of smoothened signaling pathway,0.262733395382175,3.62163436903879e-06,3.11412587541308e-06
canonical Wnt signaling pathway involved in positive regulation of epithelial to mesenchymal transition,0.390886532738924,4.50652649429043e-06,3.67106769476107e-06
intraciliary transport involved in cilium assembly,-0.33957732584005,4.92262427553847e-06,3.80952439213613e-06
"positive regulation of Wnt signaling pathway, planar cell polarity pathway",0.259191699477641,7.03732202397271e-06,5.18671273211874e-06
"regulation of Wnt signaling pathway, planar cell polarity pathway",0.875506958924049,1.3518267969251e-05,9.51047997714983e-06
positive regulation of metanephric mesenchymal cell migration by platelet-derived growth factor receptor-beta signaling pathway,0.55501907533038,1.61313557875916e-05,1.08554317003544e-05
positive regulation of Wnt signaling pathway,0.303004467687756,1.70040763136818e-05,1.09659400922606e-05
non-motile cilium assembly,-0.177382685296933,1.90262579571332e-05,1.17792445202769e-05
planar cell polarity pathway involved in axon guidance,0.324177561750253,2.28253074244043e-05,1.35877439043367e-05
negative regulation of canonical Wnt signaling pathway,0.188342624243916,2.87603099018416e-05,1.64867048269507e-05
ciliary receptor clustering involved in smoothened signaling pathway,-0.333614176524077,7.18249087385825e-05,3.97027982415003e-05
negative regulation of non-canonical Wnt signaling pathway,-0.216283886473362,0.000162037676491034,8.64812731339648e-05
smoothened signaling pathway involved in dorsal/ventral neural tube patterning,-0.270240651608648,0.000193148907550622,9.96494868648157e-05
protein localization to ciliary membrane,0.394580206728192,0.000221125430343206,0.000110403047755935
positive regulation of non-canonical Wnt signaling pathway,0.86282547937484,0.000308394143840744,0.000149162690923728
photoreceptor outer segment membrane,0.215218355195237,0.000504880588528958,0.000236798419194837
canonical Wnt signaling pathway involved in positive regulation of apoptotic process,-0.251439932889186,0.000573525246738926,0.000261082455529073
non-canonical Wnt signaling pathway via JNK cascade,0.249983913063456,0.000805433867680764,0.000356177030024937
smoothened signaling pathway involved in regulation of cerebellar granule cell precursor cell proliferation,-0.899397652062678,0.000905506931119238,0.000389308013623793
negative regulation of smoothened signaling pathway involved in ventral spinal cord patterning,-0.302960927284688,0.000938149030135227,0.000392440820588259
altered Hedgehog signaling pathway,-0.406648668091844,0.00115095651950226,0.000468791130172269
TORC1 complex,-0.157315856652216,0.00164243644733308,0.000651820525657695
canonical Wnt signaling pathway involved in negative regulation of apoptotic process,0.175142324850103,0.00216028908532064,0.000835903118331555
Wnt signaling pathway,0.100388337183675,0.00237749660070491,0.000897511688555232
basal cell carcinoma pathway,0.13884597583515,0.00299915528164552,0.00110523270300273
canonical Wnt signaling pathway involved in osteoblast differentiation,-0.279915817029945,0.00384123988924179,0.00135435944750516
smoothened signaling pathway,-0.10000348486424,0.00385019346700699,0.00135435944750516
axoneme,-0.132774605829551,0.00411789408773533,0.00141633740174943
intraciliary transport particle,-0.216861811253435,0.00466501000221253,0.00156963550142021
regulation of canonical Wnt signaling pathway,0.0973298254724805,0.00528762344227052,0.00174127244160834
negative regulation of platelet-derived growth factor receptor-alpha signaling pathway,-0.250284784284166,0.00564070544693007,0.00181884734189745
TORC2 complex,-0.187732416542583,0.00585664653769857,0.00183037417218113
positive regulation of hh target transcription factor activity,-0.836845851200702,0.00591297193942175,0.00183037417218113
hedgehog receptor activity,0.376861255270812,0.00658311600745486,0.0019978615902634
intraciliary anterograde transport,-0.214034181037399,0.00683621353776087,0.00203477475898396
intraciliary transport,-0.122256672184368,0.00833320416406091,0.00243354968703902
ciliary basal body,-0.0997788818761315,0.0104993192607448,0.0030093413131952
ciliary tip,-0.12684637924308,0.0123994204456181,0.00348933576829657
adenosine monophosphate-activated protein kinase (AMPK) signaling pathway,0.0845290996752323,0.0145955204588381,0.00403399749602227
axonemal microtubule,-0.219400546859175,0.0180283346434833,0.00489536209198553
ciliary basal body organization,-0.22358149689139,0.0225210640160634,0.00600986860160407
photoreceptor outer segment,0.109990234058927,0.0240750230700918,0.00631566034377525
"Wnt signaling pathway, planar cell polarity pathway",0.133463648633099,0.0283969526032283,0.00732528542698217
negative regulation of platelet-derived growth factor receptor-beta signaling pathway,-0.220184907192029,0.0306626396425918,0.00778007474431725
BBSome,-0.120525217671865,0.0359688834141874,0.00897923487845959
canonical Wnt signaling pathway involved in positive regulation of cardiac outflow tract cell proliferation,-0.0874037642271516,0.0439827310175782,0.0108055209157269
photoreceptor connecting cilium,0.110305297486951,0.0484886662141673,0.0117263898751959
mTOR signaling pathway,0.0460277904966468,0.082126847645696,0.0195558123749445
Wnt-activated receptor activity,0.0569976459092156,0.0932870480879174,0.0218766833390591
ciliary membrane,0.100731189049393,0.0956249479734167,0.0219475997798826
receptor localization to non-motile cilium,0.271641227467173,0.0964254955667266,0.0219475997798826
kinociliary basal body,0.152609006485182,0.118025053278282,0.0263353618421134
positive regulation of non-motile cilium assembly,-0.0612145468322359,0.119105897108416,0.0263353618421134
negative regulation of Wnt signaling pathway,0.088558184936447,0.138839096671179,0.0299226058623337
regulation of Wnt signaling pathway,-0.14753629081152,0.139196348686907,0.0299226058623337
receptor internalization involved in canonical Wnt signaling pathway,-0.344458618288016,0.151778080139241,0.0321803127271756
"altered Wnt signaling, canonical pathway",0.0849017778241522,0.164162394915361,0.0339000273774347
canonical Wnt signaling pathway involved in mesenchymal stem cell differentiation,-0.161187661112383,0.164269617935172,0.0339000273774347
patched binding,-0.144273779920812,0.232534844569538,0.0473563817325303
intraciliary transport particle B,-0.0558558602635369,0.241682117078186,0.0485800387305644
smoothened signaling pathway involved in spinal cord motor neuron cell fate specification,-0.11337896902584,0.278765952270542,0.0546155992418599
smoothened signaling pathway involved in ventral spinal cord interneuron specification,-0.11337896902584,0.278765952270542,0.0546155992418599
axonemal basal plate,-0.0986298080469218,0.317928598104592,0.0615097091329707
planar cell polarity pathway involved in neural tube closure,0.0687782884329106,0.335393241745264,0.0640875034202863
"Wnt signaling pathway, calcium modulating pathway",-0.0665380380269235,0.441775329958321,0.083385718035386
Hedgehog signaling pathway,0.0287100723587296,0.486978578701573,0.0908104506165166
negative regulation of smoothened signaling pathway involved in dorsal/ventral neural tube patterning,0.0303785841958936,0.497781790470721,0.0917199448048652
negative regulation of non-motile cilium assembly,0.0643282574558133,0.519715832160303,0.094634847487029
smoothened binding,0.0472318168731285,0.538332840989973,0.09688498777436
regulation of smoothened signaling pathway,0.0286371925823267,0.627556366884252,0.111644556473421
negative regulation of platelet-derived growth factor receptor signaling pathway,-0.0144903842260355,0.735263464383509,0.129319607953011
"Wnt signaling, non-canonical pathway",-0.00764546997271785,0.855659580351012,0.148804161132172
positive regulation of smoothened signaling pathway,0.0119563303618562,0.87712624577832,0.15084247936973
"Wnt signaling, the planar cell polarity pathway",-0.00100978729788527,0.980583179953796,0.16678120697188
