Pathway,Description,logFC,p.value,q.value
path:rno04730,Long-term depression,0.389461745463434,8.68303252460424e-12,1.48573735494754e-09
path:rno00010,Glycolysis / Gluconeogenesis,0.422988012938183,9.55458106075591e-12,1.48573735494754e-09
path:rno01230,Biosynthesis of amino acids,0.266760381160044,7.2895184931178e-11,7.55680083786545e-09
path:rno00052,Galactose metabolism,0.301709466726482,8.65055878936926e-10,6.7258094587346e-08
path:rno04066,HIF-1 signaling pathway,0.281799819477866,1.23057274537766e-09,7.65416247624902e-08
path:rno00534,Glycosaminoglycan biosynthesis - heparan sulfate / heparin,0.441223846725155,3.14513728680659e-09,1.57711469196644e-07
path:rno04540,Gap junction,0.336175752065266,3.54977583400806e-09,1.57711469196644e-07
path:rno05310,Asthma,-1.60625178521396,3.60738019455908e-08,1.40236905063484e-06
path:rno04924,Renin secretion,0.38416748204743,5.85115040345036e-08,2.0218975283034e-06
path:rno01210,2-Oxocarboxylic acid metabolism,0.388913970731005,7.30839670145878e-08,2.27291137415368e-06
path:rno04971,Gastric acid secretion,0.285214800336208,1.12575783014296e-07,3.18282441067692e-06
path:rno05412,Arrhythmogenic right ventricular cardiomyopathy (ARVC),-0.33052094341495,1.87258020423187e-07,4.85310369596759e-06
path:rno05032,Morphine addiction,0.230446319646855,3.06895829515331e-07,7.34189253686676e-06
path:rno00030,Pentose phosphate pathway,0.334923705088636,3.63221549901182e-07,8.06870728709054e-06
path:rno04072,Phospholipase D signaling pathway,0.126706741785566,4.45245612532653e-07,9.23142569984367e-06
path:rno04216,Ferroptosis,0.226719394410608,5.8502432039283e-07,1.13714102276356e-05
path:rno00300,Lysine biosynthesis,1.72361160887961,6.76403902042355e-07,1.23742125608925e-05
path:rno04916,Melanogenesis,0.216482875138454,9.48726114895028e-07,1.63918789851308e-05
path:rno00230,Purine metabolism,0.210314462564425,1.00446746997711e-06,1.64415464822569e-05
path:rno05144,Malaria,0.393112324893019,1.30926898809562e-06,2.03591327648869e-05
path:rno05410,Hypertrophic cardiomyopathy (HCM),-0.27505775958996,1.93666668968362e-06,2.86811114519812e-05
path:rno05414,Dilated cardiomyopathy,-0.247815350951722,2.50105831423042e-06,3.53558698057118e-05
path:rno00512,Mucin type O-glycan biosynthesis,0.261222544543798,2.67496519308131e-06,3.61701815238386e-05
path:rno00051,Fructose and mannose metabolism,0.219304943539625,2.81606250886862e-06,3.64914766774225e-05
path:rno00500,Starch and sucrose metabolism,0.377938118278778,3.59650797955101e-06,4.47405592656146e-05
path:rno00350,Tyrosine metabolism,0.260667427061576,6.2197298627065e-06,7.43975379731431e-05
path:rno01200,Carbon metabolism,0.240931623144707,9.04270573410984e-06,0.000103347040113311
path:rno05230,Central carbon metabolism in cancer,0.196265134883927,9.30455666615021e-06,0.000103347040113311
path:rno00514,Other types of O-glycan biosynthesis,0.385788178078503,1.11299371293285e-05,0.000119358980938661
path:rno04015,Rap1 signaling pathway,0.115899568059907,1.95181322607785e-05,0.000195826533017788
path:rno03060,Protein export,0.253772760571132,1.95196865709049e-05,0.000195826533017788
path:rno00860,Porphyrin and chlorophyll metabolism,-0.184844452402394,2.45197355281945e-05,0.000238301179664641
path:rno04550,Signaling pathways regulating pluripotency of stem cells,0.151852683150536,2.65653766145033e-05,0.000250358549306379
path:rno04961,Endocrine and other factor-regulated calcium reabsorption,0.238510249768153,3.06684403932186e-05,0.000280526028302676
path:rno05143,African trypanosomiasis,0.417683256294205,4.03751419055146e-05,0.000358761975217572
path:rno00970,Aminoacyl-tRNA biosynthesis,-0.26179654414445,4.54700306338207e-05,0.000392810542419951
path:rno00511,Other glycan degradation,-0.268870584542389,5.04704904986664e-05,0.000424224933650952
path:rno04964,Proximal tubule bicarbonate reclamation,0.524353680537503,5.66108150474987e-05,0.000457825790838089
path:rno05142,Chagas disease (American trypanosomiasis),0.158303889955477,5.74122374362877e-05,0.000457825790838089
path:rno00532,Glycosaminoglycan biosynthesis - chondroitin sulfate / dermatan sulfate,0.335911198569039,8.77073471691237e-05,0.000681924624239937
path:rno00604,Glycosphingolipid biosynthesis - ganglio series,0.246635797899731,0.000173852785694978,0.0013187369841741
path:rno05012,Parkinson's disease,0.198588004116632,0.00018262891118687,0.00135232360426468
path:rno04350,TGF-beta signaling pathway,0.193443845187854,0.000224822268730685,0.00162604012965682
path:rno00910,Nitrogen metabolism,0.474596594635989,0.000284435387832417,0.00201044103672459
path:rno04360,Axon guidance,0.109632914322827,0.000307732035435885,0.00212677028934578
path:rno00531,Glycosaminoglycan degradation,-0.187511886878335,0.000346605484761176,0.00231692738904531
path:rno04919,Thyroid hormone signaling pathway,0.124729297297492,0.000355413579517044,0.00231692738904531
path:rno00330,Arginine and proline metabolism,0.135717145054928,0.00035759651020635,0.00231692738904531
path:rno00450,Selenocompound metabolism,-0.228025153017867,0.000368791790684497,0.00234069891638528
path:rno04672,Intestinal immune network for IgA production,-0.403581743335401,0.000388322443404698,0.00241536559797722
path:rno04910,Insulin signaling pathway,0.103974051717387,0.00039986345931398,0.00243838305581662
path:rno04922,Glucagon signaling pathway,0.12176339186435,0.00045337087274038,0.00271150656581266
path:rno04068,FoxO signaling pathway,0.0877708643451908,0.000503611440879009,0.00295515392666739
path:rno04151,PI3K-Akt signaling pathway,0.0946956333795188,0.000543561283024893,0.00313051035223596
path:rno05416,Viral myocarditis,-0.196510859831297,0.000630022950418141,0.00347740206094412
path:rno04270,Vascular smooth muscle contraction,0.127339411382328,0.000638430762118902,0.00347740206094412
path:rno01521,EGFR tyrosine kinase inhibitor resistance,0.118456479247888,0.000642739765887816,0.00347740206094412
path:rno04962,Vasopressin-regulated water reabsorption,0.144156006090429,0.000648518712330415,0.00347740206094412
path:rno03020,RNA polymerase,0.143974332378041,0.000676198904328304,0.00356437049569666
path:rno05200,Pathways in cancer,0.0822034211082234,0.000801779995540635,0.00415589297688563
path:rno00760,Nicotinate and nicotinamide metabolism,0.173469571369667,0.000852075785426379,0.00434418966012465
path:rno04970,Salivary secretion,0.202038599536501,0.00086982260216723,0.0043631424076453
path:rno04390,Hippo signaling pathway,0.0983917837180093,0.000891976568072164,0.00440324940746735
path:rno04917,Prolactin signaling pathway,0.113498357539469,0.00111310353531329,0.005408987491913
path:rno00670,One carbon pool by folate,-0.183283412180063,0.00115047583993166,0.00550458440336535
path:rno03018,RNA degradation,0.121315812143256,0.00128775392001043,0.00606805256247341
path:rno03450,Non-homologous end-joining,-0.213315821724972,0.00164799212301414,0.00764842208146895
path:rno01100,Metabolic pathways,0.0933205983165104,0.00169840854122962,0.00764842208146895
path:rno00020,Citrate cycle (TCA cycle),0.15289973189034,0.00171504491424793,0.00764842208146895
path:rno00240,Pyrimidine metabolism,0.129050220902915,0.00172150979325668,0.00764842208146895
path:rno04976,Bile secretion,0.200405882508342,0.00177787230202341,0.00772759416032729
path:rno00360,Phenylalanine metabolism,0.222919176331731,0.00178902501460953,0.00772759416032729
path:rno02010,ABC transporters,-0.294560472681597,0.00205226823432803,0.00874322494350706
path:rno04614,Renin-angiotensin system,0.377946008233916,0.00214523409015154,0.00901578110860986
path:rno04978,Mineral absorption,0.224366025370734,0.00246415707474597,0.01021803800328
path:rno04918,Thyroid hormone synthesis,0.163136497635612,0.00252069795930412,0.0103149613860997
path:rno00220,Arginine biosynthesis,0.194653637360408,0.00257719604010232,0.0104091943957379
path:rno05216,Thyroid cancer,0.0861863447266077,0.00280511336606877,0.0111844904724024
path:rno04610,Complement and coagulation cascades,0.241181116668247,0.00292403450428949,0.0115110725422029
path:rno05150,Staphylococcus aureus infection,-0.232038042885643,0.00311423910961395,0.0120772066973869
path:rno00072,Synthesis and degradation of ketone bodies,0.357867206403188,0.00314551042600752,0.0120772066973869
path:rno05330,Allograft rejection,-0.213467098948582,0.00334874268459329,0.0127007192062014
path:rno05211,Renal cell carcinoma,0.0858039470482062,0.00347283951070128,0.0130126878051578
path:rno00600,Sphingolipid metabolism,0.0758251783197407,0.00357240981259956,0.0132264220442674
path:rno00790,Folate biosynthesis,0.274039036383077,0.00361569673074247,0.0132291962736577
path:rno00190,Oxidative phosphorylation,0.178656450444104,0.00395585580667501,0.0143054785566968
path:rno05214,Glioma,0.0936814464486208,0.00405963589650768,0.0145120317679757
path:rno04080,Neuroactive ligand-receptor interaction,0.162839815787218,0.00421479126502454,0.014895455493439
path:rno05224,Breast cancer,0.0969588539888422,0.00429319219263094,0.0150020536169463
path:rno04933,AGE-RAGE signaling pathway in diabetic complications,0.0892155295017571,0.0046899760130515,0.0162064726673224
path:rno04975,Fat digestion and absorption,-0.198925640505327,0.00480850042179215,0.0164334464964545
path:rno05223,Non-small cell lung cancer,0.081126235860264,0.00511300275884359,0.0172841723695691
path:rno00630,Glyoxylate and dicarboxylate metabolism,0.113174876405752,0.00549462276833283,0.018374491193027
path:rno05034,Alcoholism,0.183331441364784,0.00644651561714292,0.0213283654992707
path:rno05202,Transcriptional misregulation in cancer,0.111947570974741,0.0075264850181754,0.0246393351647637
path:rno05215,Prostate cancer,0.084048176394329,0.00778777675606145,0.0252291517826574
path:rno05332,Graft-versus-host disease,-0.204174833613269,0.00789757856923279,0.0253211024230041
path:rno00601,Glycosphingolipid biosynthesis - lacto and neolacto series,-0.222247246837296,0.0079805150330412,0.0253259201558757
path:rno04915,Estrogen signaling pathway,0.0983359142161583,0.00946269771404931,0.0295887847586928
path:rno00120,Primary bile acid biosynthesis,0.326794214478235,0.0095140787005443,0.0295887847586928
path:rno05014,Amyotrophic lateral sclerosis (ALS),0.117339171426548,0.0097672402438115,0.0300753635230235
path:rno05212,Pancreatic cancer,0.0802890955702456,0.0103868773660584,0.031669792753374
path:rno05217,Basal cell carcinoma,0.111821416753823,0.0118012003862483,0.0354828188239846
path:rno05020,Prion diseases,0.0995738914649315,0.0118656371630045,0.0354828188239846
path:rno05340,Primary immunodeficiency,0.76457395637539,0.0130588528835758,0.0386790785408768
path:rno05146,Amoebiasis,0.109260254156464,0.0136329077733196,0.0399984369575699
path:rno04913,Ovarian steroidogenesis,0.187199746861932,0.0139797060229604,0.040632603487296
path:rno00061,Fatty acid biosynthesis,0.27971123667393,0.0144810946938923,0.0416705898351302
path:rno04310,Wnt signaling pathway,0.0866673449078053,0.0146048047975215,0.0416705898351302
path:rno05222,Small cell lung cancer,-0.112686090507414,0.0147577535633159,0.0417241941653749
path:rno05418,Fluid shear stress and atherosclerosis,0.122042890284779,0.0150089800994103,0.0420521874857352
path:rno04713,Circadian entrainment,0.126555558552551,0.0157718225255661,0.0437949714772414
path:rno04114,Oocyte meiosis,0.108108559424388,0.0161872420824451,0.0445507282092073
path:rno01522,Endocrine resistance,0.0643400173854136,0.0176874631446708,0.0482526406841459
path:rno03440,Homologous recombination,-0.176237470459024,0.0191444717818257,0.0517733106447633
path:rno05145,Toxoplasmosis,0.0908876546659939,0.0198997677703812,0.0530354621302963
path:rno04612,Antigen processing and presentation,0.262691173900407,0.0200892248984904,0.0530354621302963
path:rno04740,Olfactory transduction,-0.182669249624189,0.0201227798436494,0.0530354621302963
path:rno00130,Ubiquinone and other terpenoid-quinone biosynthesis,-0.133804194461621,0.0213492922996579,0.0557952092873412
path:rno05205,Proteoglycans in cancer,0.0794290233546201,0.0216050871897317,0.0558889510542615
path:rno04932,Non-alcoholic fatty liver disease (NAFLD),0.0993680023042255,0.0217445758121082,0.0558889510542615
path:rno04930,Type II diabetes mellitus,-0.104149762106461,0.0252639909836265,0.0644024688189168
path:rno04623,Cytosolic DNA-sensing pathway,0.102614545999312,0.0258622686339969,0.0649892498460092
path:rno04940,Type I diabetes mellitus,-0.141532962215316,0.0260193933141819,0.0649892498460092
path:rno04152,AMPK signaling pathway,0.0667433638311949,0.0261210811278172,0.0649892498460092
path:rno04140,Autophagy - animal,0.0504863815807471,0.027343781021509,0.0670187144684459
path:rno04062,Chemokine signaling pathway,0.0892997315629356,0.0273677708601049,0.0670187144684459
path:rno04122,Sulfur relay system,-0.19923045257544,0.0279966148277326,0.0680230250892566
path:rno04024,cAMP signaling pathway,0.0761244771792316,0.0282466142957306,0.0680984267129628
path:rno04136,Autophagy - other,0.0932604057302151,0.0319768646114028,0.0761227349612816
path:rno04925,Aldosterone synthesis and secretion,-0.0970745542611084,0.0320645603856202,0.0761227349612816
path:rno00510,N-Glycan biosynthesis,0.101258616994579,0.0332346417522485,0.0783028301890096
path:rno03460,Fanconi anemia pathway,-0.152498154777434,0.0363861692295489,0.0850834483487947
path:rno05218,Melanoma,0.0645317231758952,0.0367802983282972,0.085363229702242
path:rno04071,Sphingolipid signaling pathway,0.058150304789081,0.0370618152085816,0.0853794409619917
path:rno03410,Base excision repair,-0.125886200656209,0.0377888073635351,0.0864141109563192
path:rno05166,HTLV-I infection,0.0718920139285984,0.0433631119097296,0.0984374292257366
path:rno01212,Fatty acid metabolism,0.144917114630649,0.0438772428540497,0.098882771939199
path:rno04621,NOD-like receptor signaling pathway,0.0752962500952016,0.0454795254983955,0.101756348417273
path:rno00100,Steroid biosynthesis,0.424383126041111,0.0465651220121903,0.102869823607438
path:rno04670,Leukocyte transendothelial migration,0.0894148393277367,0.0466387303171985,0.102869823607438
path:rno00290,"Valine, leucine and isoleucine biosynthesis",0.331512797021174,0.0485262314586347,0.106279281574897
path:rno04150,mTOR signaling pathway,0.0595276424857025,0.053025055003405,0.115320224517895
path:rno04213,Longevity regulating pathway - multiple species,0.0491483661077495,0.0534933565689631,0.115530790923247
path:rno04137,Mitophagy - animal,0.0715384968118725,0.0539189602010342,0.11564687325877
path:rno05016,Huntington's disease,0.0884211200722312,0.0555329608829154,0.118292813935525
path:rno04510,Focal adhesion,0.0655989092257795,0.0589652229668445,0.124749553351623
path:rno04911,Insulin secretion,0.078829520681903,0.0595958184794282,0.125231753696636
path:rno04931,Insulin resistance,0.0669619286195261,0.0612099731621284,0.127760413781355
path:rno03015,mRNA surveillance pathway,0.0663111704787679,0.0617778991435038,0.128086177557531
path:rno00920,Sulfur metabolism,0.105187873156075,0.0627574250951257,0.128426202316532
path:rno05206,MicroRNAs in cancer,0.0719963116637538,0.0627677901997198,0.128426202316532
path:rno03430,Mismatch repair,-0.142552204470307,0.0637543436329193,0.12959216254796
path:rno00982,Drug metabolism - cytochrome P450,-0.156254111404764,0.0654290829235833,0.132132758371652
path:rno00471,D-Glutamine and D-glutamate metabolism,0.114577475712484,0.0662818690484684,0.13299136305854
path:rno04622,RIG-I-like receptor signaling pathway,-0.0623411117974822,0.067196882308038,0.133963015370512
path:rno05320,Autoimmune thyroid disease,-0.133209081199947,0.0677676958557405,0.134240467586849
path:rno05010,Alzheimer's disease,0.0874352240740088,0.0684944446029827,0.134821343490681
path:rno00062,Fatty acid elongation,0.200293823482699,0.0745282088935633,0.145775301672316
path:rno00770,Pantothenate and CoA biosynthesis,0.166964867053584,0.0781629112447399,0.151929158731963
path:rno00830,Retinol metabolism,0.158005602010043,0.0801246576903122,0.154774959886255
path:rno00480,Glutathione metabolism,0.116080508686743,0.0809635389399823,0.155430003767497
path:rno04921,Oxytocin signaling pathway,0.0630622468455747,0.0829554744518871,0.158277009537036
path:rno04912,GnRH signaling pathway,0.0424249706942977,0.0911754665029724,0.172899817575759
path:rno04115,p53 signaling pathway,0.0549000729902067,0.0957783666389556,0.180527709240698
path:rno04973,Carbohydrate digestion and absorption,-0.100429351332606,0.0975476523507568,0.182754939042683
path:rno04727,GABAergic synapse,0.063266167926783,0.0983837451394906,0.183217633163961
path:rno05219,Bladder cancer,0.0742443577357659,0.0991424221037711,0.183531507584957
path:rno05133,Pertussis,0.0771159024100651,0.099974869685467,0.183977422912309
path:rno00232,Caffeine metabolism,0.382072363601718,0.102911400745552,0.188267327246275
path:rno00561,Glycerolipid metabolism,-0.0928122658906624,0.105046651944389,0.189636210115884
path:rno00620,Pyruvate metabolism,0.101994859565737,0.105230087319645,0.189636210115884
path:rno00650,Butanoate metabolism,0.238353032079824,0.105488952894045,0.189636210115884
path:rno04723,Retrograde endocannabinoid signaling,0.0632864530559565,0.107690860549445,0.192481940407341
path:rno05168,Herpes simplex infection,-0.0460904653425572,0.110754132477677,0.196158818061256
path:rno05160,Hepatitis C,0.0541344894084608,0.111009491893187,0.196158818061256
path:rno04640,Hematopoietic cell lineage,-0.13734833654485,0.113056397355658,0.198647116257682
path:rno04659,Th17 cell differentiation,0.0566579872203291,0.114449510384813,0.199965155784702
path:rno05322,Systemic lupus erythematosus,0.182249394171181,0.116138442190383,0.201782433079381
path:rno00785,Lipoic acid metabolism,-0.240416174953465,0.118707105076552,0.205099498215599
path:rno00564,Glycerophospholipid metabolism,0.0673880640587989,0.119697428900283,0.205667957944685
path:rno01523,Antifolate resistance,0.0698043319648228,0.124886182265806,0.213129844931342
path:rno00310,Lysine degradation,0.138491028013228,0.125410809075355,0.213129844931342
path:rno00563,Glycosylphosphatidylinositol (GPI)-anchor biosynthesis,-0.146508965849005,0.12670020114915,0.214150883464052
path:rno05213,Endometrial cancer,-0.0361424111068828,0.128206814900428,0.215526050994774
path:rno05132,Salmonella infection,-0.0533881488812264,0.131747930391801,0.220288206192743
path:rno03050,Proteasome,0.0922053265092006,0.135222797391052,0.22425397896172
path:rno00740,Riboflavin metabolism,0.136856881987708,0.135561890819303,0.22425397896172
path:rno04340,Hedgehog signaling pathway,-0.0709308518814896,0.136800533031719,0.225105639009866
path:rno04141,Protein processing in endoplasmic reticulum,0.0487703293045702,0.144543380653678,0.23659469149102
path:rno00591,Linoleic acid metabolism,0.170587799429806,0.147328849013048,0.239891476665224
path:rno04144,Endocytosis,0.0841022112427089,0.154038425327833,0.248821740088445
path:rno05152,Tuberculosis,0.0958336090985557,0.154413491437524,0.248821740088445
path:rno00590,Arachidonic acid metabolism,0.10756631071284,0.164553614271817,0.263269632325827
path:rno00250,"Alanine, aspartate and glutamate metabolism",-0.0652283808463471,0.16507259904674,0.263269632325827
path:rno05221,Acute myeloid leukemia,0.0384313236959431,0.167142760110963,0.26513692674515
path:rno05203,Viral carcinogenesis,0.0569656202955013,0.167948471282297,0.26513692674515
path:rno04664,Fc epsilon RI signaling pathway,-0.0474086880312066,0.1778836942307,0.279403176291656
path:rno04710,Circadian rhythm,0.074234952971901,0.183643139541286,0.287000082398693
path:rno00730,Thiamine metabolism,0.113410477334706,0.186249207797955,0.28961751812582
path:rno00380,Tryptophan metabolism,0.1979035315003,0.192792742130729,0.296875240578217
path:rno04022,cGMP-PKG signaling pathway,0.0503301394907462,0.192825718960771,0.296875240578217
path:rno00983,Drug metabolism - other enzymes,0.124365533086443,0.199138522544132,0.305084140449385
path:rno00900,Terpenoid backbone biosynthesis,0.172839885850886,0.201819351003036,0.307675579225216
path:rno00400,"Phenylalanine, tyrosine and tryptophan biosynthesis",0.153332228141381,0.202820535785316,0.307693593313333
path:rno04514,Cell adhesion molecules (CAMs),0.0719918147303432,0.210661589181873,0.318037641920206
path:rno04014,Ras signaling pathway,0.0324065359984423,0.213268831572027,0.320418389463287
path:rno04725,Cholinergic synapse,-0.0556069999732957,0.217998468618423,0.32594963336697
path:rno04914,Progesterone-mediated oocyte maturation,0.0633535225927243,0.219543692059517,0.32668941737086
path:rno04371,Apelin signaling pathway,0.0404686745213182,0.233378816776402,0.345622914368862
path:rno04261,Adrenergic signaling in cardiomyocytes,0.0384217897769975,0.239519902786735,0.353036444391822
path:rno04392,Hippo signaling pathway -multiple species,0.0549963818500272,0.24429903786303,0.358382079129256
path:rno05220,Chronic myeloid leukemia,0.0341862920041273,0.2523203554981,0.368411411079385
path:rno04064,NF-kappa B signaling pathway,0.0389131701942226,0.260275693943482,0.378251125310388
path:rno00603,Glycosphingolipid biosynthesis - globo and isoglobo series,0.0691672055944982,0.263017122170078,0.380457325557647
path:rno04657,IL-17 signaling pathway,-0.0535544503428119,0.266721957746775,0.383825465250539
path:rno04728,Dopaminergic synapse,0.0363268885829749,0.267813909837193,0.383825465250539
path:rno04211,Longevity regulating pathway,-0.0301424114678824,0.271545432917025,0.38738820934493
path:rno04512,ECM-receptor interaction,0.0574844822757102,0.275358940865868,0.391034842964772
path:rno04530,Tight junction,0.0352677777097215,0.278866393279465,0.394215674135971
path:rno04146,Peroxisome,0.0565951502611332,0.280319169740256,0.394476297688777
path:rno04966,Collecting duct acid secretion,0.103787740404623,0.292840082553821,0.409934351270525
path:rno05134,Legionellosis,0.0630827020081415,0.294809961235108,0.409934351270525
path:rno05321,Inflammatory bowel disease (IBD),-0.0605514743012106,0.295258182265587,0.409934351270525
path:rno04750,Inflammatory mediator regulation of TRP channels,0.0432636565790616,0.302746750779496,0.418463286632992
path:rno04145,Phagosome,0.0441007276070317,0.30490207161778,0.419577629527122
path:rno04260,Cardiac muscle contraction,-0.0627681508696863,0.307348206346967,0.421080582263907
path:rno00430,Taurine and hypotaurine metabolism,0.134591926497558,0.315358901282663,0.430160606574158
path:rno04923,Regulation of lipolysis in adipocytes,0.082389452751295,0.319509323066561,0.433918774994325
path:rno05031,Amphetamine addiction,0.0662921717427982,0.32445573346784,0.438720578732601
path:rno04010,MAPK signaling pathway,0.0319052736918545,0.340157078153086,0.45796039526238
path:rno04660,T cell receptor signaling pathway,-0.0433134219118128,0.363986937956551,0.487930765967619
path:rno04380,Osteoclast differentiation,0.0332662028959971,0.373567172410427,0.49862399407572
path:rno03040,Spliceosome,0.0558141601414827,0.388050789481361,0.515742715934629
path:rno05161,Hepatitis B,0.0309297882646211,0.395224995344906,0.522820270528767
path:rno04920,Adipocytokine signaling pathway,0.027744627749934,0.398075765212066,0.522820270528767
path:rno04972,Pancreatic secretion,0.0504551538444369,0.39901169914231,0.522820270528767
path:rno04520,Adherens junction,0.0286843138252727,0.401223221902191,0.522820270528767
path:rno00520,Amino sugar and nucleotide sugar metabolism,0.0326854822777448,0.401781494071947,0.522820270528767
path:rno05100,Bacterial invasion of epithelial cells,0.0368075724180152,0.404530497830753,0.524204103439018
path:rno04662,B cell receptor signaling pathway,0.0290338680802741,0.413807608381367,0.534000689653963
path:rno05169,Epstein-Barr virus infection,0.0252334433474342,0.433591056627911,0.557218258724299
path:rno05140,Leishmaniasis,0.0307580224468354,0.439557424769683,0.562561148573545
path:rno04215,Apoptosis - multiple species,0.0417275273057613,0.448130656509721,0.571182926944767
path:rno04950,Maturity onset diabetes of the young,-0.151881056156656,0.457995144987233,0.581373428942978
path:rno01524,Platinum drug resistance,-0.0251176303069488,0.498995821655933,0.629396973186435
path:rno01040,Biosynthesis of unsaturated fatty acids,0.0767257285925214,0.49987476648569,0.629396973186435
path:rno04620,Toll-like receptor signaling pathway,0.0251488333971634,0.503674765318507,0.631624403282482
path:rno00270,Cysteine and methionine metabolism,0.0300259231039986,0.509857209005259,0.636809606428255
path:rno05030,Cocaine addiction,0.0363023542441205,0.512115625679334,0.637071838345092
path:rno04977,Vitamin digestion and absorption,0.0690867512174543,0.516476566563849,0.639937100403813
path:rno04726,Serotonergic synapse,0.0223177335541663,0.519700871865237,0.641376869643209
path:rno04974,Protein digestion and absorption,-0.0464271470241141,0.523535311722364,0.643555264607333
path:rno04070,Phosphatidylinositol signaling system,0.0205602467869399,0.527787595789052,0.646228119253524
path:rno00071,Fatty acid degradation,0.054336502000608,0.534153513860015,0.651457814942999
path:rno04130,SNARE interactions in vesicular transport,0.0331149848773714,0.540640742024911,0.655404793577058
path:rno04721,Synaptic vesicle cycle,-0.0242997082405204,0.543080478591208,0.655404793577058
path:rno04320,Dorso-ventral axis formation,0.0418586934850927,0.544746405134611,0.655404793577058
path:rno04720,Long-term potentiation,0.0306866909621653,0.545819426162244,0.655404793577058
path:rno03008,Ribosome biogenesis in eukaryotes,0.0250285408538421,0.554920020327061,0.662950506379558
path:rno04110,Cell cycle,0.0369974188019711,0.556506944358918,0.662950506379558
path:rno04650,Natural killer cell mediated cytotoxicity,0.0219943079910564,0.558498497335833,0.662950506379558
path:rno03420,Nucleotide excision repair,-0.0296737060583525,0.568583132342643,0.672354958777802
path:rno03022,Basal transcription factors,-0.0253160395238177,0.577123980087777,0.678294522146043
path:rno00533,Glycosaminoglycan biosynthesis - keratan sulfate,-0.035144545582565,0.578410883886392,0.678294522146043
path:rno04722,Neurotrophin signaling pathway,-0.0164456436993347,0.580149012510764,0.678294522146043
path:rno03013,RNA transport,0.0210035015099024,0.587691319606442,0.684539327331848
path:rno04668,TNF signaling pathway,0.0234239074478398,0.596244769991383,0.69191090846015
path:rno04142,Lysosome,-0.0206741965661334,0.607405354309109,0.702241878030234
path:rno04120,Ubiquitin mediated proteolysis,-0.0172273720383293,0.611784790328645,0.704685443674847
path:rno00040,Pentose and glucuronate interconversions,0.0355522924030181,0.619146760846304,0.710533736616976
path:rno00340,Histidine metabolism,0.0146553609949807,0.653527767605778,0.747232116637489
path:rno04658,Th1 and Th2 cell differentiation,-0.0150778533210629,0.66273743046287,0.754986596607885
path:rno00562,Inositol phosphate metabolism,0.0119167611662752,0.679220051346318,0.77093954733104
path:rno00750,Vitamin B6 metabolism,0.0372947704196251,0.688176276152333,0.778264806848638
path:rno04012,ErbB signaling pathway,-0.0124617977254182,0.694438516026071,0.782501371319232
path:rno05033,Nicotine addiction,0.0259507957382003,0.725180934159301,0.814192312359359
path:rno00440,Phosphonate and phosphinate metabolism,0.0259254314048098,0.751593134091339,0.838844714846595
path:rno00053,Ascorbate and aldarate metabolism,0.0283691250188528,0.752532718463665,0.838844714846595
path:rno00640,Propanoate metabolism,0.0355261314310189,0.755764818295129,0.839438780320661
path:rno00592,alpha-Linolenic acid metabolism,0.0352950867614239,0.76880819172497,0.850887358101301
path:rno04744,Phototransduction,-0.0411872560187737,0.774596006556543,0.85425304269179
path:rno03030,DNA replication,-0.027727110835646,0.783729043266277,0.861271139419831
path:rno05164,Influenza A,-0.0101349843376528,0.792855906842981,0.868233052916081
path:rno04960,Aldosterone-regulated sodium reabsorption,0.0159744506792795,0.800067174558825,0.8691926937547
path:rno04666,Fc gamma R-mediated phagocytosis,-0.00934605426306721,0.800391327155997,0.8691926937547
path:rno00140,Steroid hormone biosynthesis,0.0244353414173679,0.802116730249514,0.8691926937547
path:rno04742,Taste transduction,0.0194175533367051,0.835322907057994,0.900034882854559
path:rno04611,Platelet activation,-0.0074647345581064,0.836366820401825,0.900034882854559
path:rno04020,Calcium signaling pathway,0.0101059799665762,0.839543245304902,0.900337756171809
path:rno03320,PPAR signaling pathway,0.00841531467286933,0.84677324187842,0.90386161244977
path:rno03010,Ribosome,-0.0162943192566413,0.850832433174165,0.90386161244977
path:rno00780,Biotin metabolism,-0.0132841840171601,0.851918067540588,0.90386161244977
path:rno00980,Metabolism of xenobiotics by cytochrome P450,-0.0132709653865785,0.854454386045764,0.90386161244977
path:rno00410,beta-Alanine metabolism,0.023158177777853,0.858891402077935,0.905475342529619
path:rno00260,"Glycine, serine and threonine metabolism",0.012206035067834,0.879730917473358,0.924311876129103
path:rno00515,Mannose type O-glycan biosynthesis,-0.00542121567812733,0.909944487154803,0.952837493283312
path:rno04210,Apoptosis,0.00359152588491634,0.919398600067087,0.958914246379366
path:rno00280,"Valine, leucine and isoleucine degradation",0.00757771493460014,0.9225770371905,0.958914246379366
path:rno05210,Colorectal cancer,-0.00297248139249672,0.924997665317717,0.958914246379366
path:rno04370,VEGF signaling pathway,0.00360626077003956,0.931137687986674,0.958998974439946
path:rno05204,Chemical carcinogenesis,0.00683585735903064,0.93124659254297,0.958998974439946
path:rno04060,Cytokine-cytokine receptor interaction,0.00384184104814782,0.935719594844319,0.959519694509679
path:rno04330,Notch signaling pathway,0.00324367197072454,0.940722962906834,0.959519694509679
path:rno05231,Choline metabolism in cancer,-0.00287149935581307,0.941008060532,0.959519694509679
path:rno04810,Regulation of actin cytoskeleton,0.00121738177228371,0.964799512425365,0.980564210340812
path:rno05162,Measles,-0.00122236640775099,0.972864507464029,0.985540266518935
path:rno04724,Glutamatergic synapse,-0.00109677948774031,0.979653458230724,0.989195537369335
path:rno05323,Rheumatoid arthritis,0.00107882065551618,0.985717731059306,0.992097781098525
path:rno00565,Ether lipid metabolism,0.000850863176307572,0.993288668287957,0.996492825282435
path:rno04630,Jak-STAT signaling pathway,0.000276500669541567,0.997744198692767,0.997744198692767
